x-axis,1,2
second,Volt,Volt
+170.000E-06,,
+172.200E-06,-60.301507E-03,-60.301507E-03
+174.400E-06,-52.763819E-03,-60.301507E-03
+176.600E-06,-66.582914E-03,-80.402009E-03
+178.800E-06,-60.301507E-03,-100.502511E-03
+181.000E-06,-52.763819E-03,-92.964823E-03
+183.200E-06,-40.201005E-03,-106.783918E-03
+185.400E-06,-32.663316E-03,-113.065325E-03
+187.600E-06,-40.201005E-03,-86.683416E-03
+189.800E-06,-20.100502E-03,-113.065325E-03
+192.000E-06,+0.0E+00,-106.783918E-03
+194.200E-06,+6.281407E-03,-106.783918E-03
+196.400E-06,+12.562814E-03,-72.864321E-03
+198.600E-06,+20.100502E-03,-100.502511E-03
+200.800E-06,+12.562814E-03,-80.402009E-03
+203.000E-06,-12.562814E-03,-20.100502E-03
+205.200E-06,-32.663316E-03,-20.100502E-03
+207.400E-06,-32.663316E-03,-40.201005E-03
+209.600E-06,-20.100502E-03,-20.100502E-03
+211.800E-06,-12.562814E-03,+0.0E+00
+214.000E-06,-12.562814E-03,-20.100502E-03
+216.200E-06,-20.100502E-03,-20.100502E-03
+218.400E-06,-20.100502E-03,-20.100502E-03
+220.600E-06,-6.281407E-03,-12.562814E-03
+222.800E-06,-20.100502E-03,-32.663316E-03
+225.000E-06,-26.381909E-03,-20.100502E-03
+227.200E-06,-32.663316E-03,-12.562814E-03
+229.400E-06,-20.100502E-03,-20.100502E-03
+231.600E-06,-20.100502E-03,-6.281407E-03
+233.800E-06,-26.381909E-03,-26.381909E-03
+236.000E-06,+20.100502E-03,-100.502511E-03
+238.200E-06,+20.100502E-03,-66.582914E-03
+240.400E-06,+20.100502E-03,-60.301507E-03
+242.600E-06,+20.100502E-03,-72.864321E-03
+244.800E-06,+20.100502E-03,-40.201005E-03
+247.000E-06,+0.0E+00,-26.381909E-03
+249.200E-06,+12.562814E-03,-32.663316E-03
+251.400E-06,-20.100502E-03,-26.381909E-03
+253.600E-06,-20.100502E-03,-20.100502E-03
+255.800E-06,-40.201005E-03,-20.100502E-03
+258.000E-06,-32.663316E-03,-20.100502E-03
+260.200E-06,-46.482412E-03,-6.281407E-03
+262.400E-06,-60.301507E-03,-26.381909E-03
+264.600E-06,-72.864321E-03,-20.100502E-03
+266.800E-06,-72.864321E-03,-60.301507E-03
+269.000E-06,-100.502511E-03,-80.402009E-03
+271.200E-06,-66.582914E-03,-80.402009E-03
+273.400E-06,-60.301507E-03,-86.683416E-03
+275.600E-06,-80.402009E-03,-106.783918E-03
+277.800E-06,-66.582914E-03,-92.964823E-03
+280.000E-06,-46.482412E-03,-120.603014E-03
+282.200E-06,-26.381909E-03,-120.603014E-03
+284.400E-06,-46.482412E-03,-126.884421E-03
+286.600E-06,-26.381909E-03,-120.603014E-03
+288.800E-06,+0.0E+00,-126.884421E-03
+291.000E-06,+0.0E+00,-140.703516E-03
+293.200E-06,+0.0E+00,-160.804018E-03
+295.400E-06,+20.100502E-03,-100.502511E-03
+297.600E-06,+26.381909E-03,-120.603014E-03
+299.800E-06,+20.100502E-03,-100.502511E-03
+302.000E-06,+52.763819E-03,-80.402009E-03
+304.200E-06,+52.763819E-03,-60.301507E-03
+306.400E-06,+26.381909E-03,-60.301507E-03
+308.600E-06,+52.763819E-03,-66.582914E-03
+310.800E-06,+60.301507E-03,-26.381909E-03
+313.000E-06,+52.763819E-03,-32.663316E-03
+315.200E-06,+20.100502E-03,-60.301507E-03
+317.400E-06,+6.281407E-03,-20.100502E-03
+319.600E-06,+12.562814E-03,-32.663316E-03
+321.800E-06,+6.281407E-03,-20.100502E-03
+324.000E-06,-26.381909E-03,-26.381909E-03
+326.200E-06,-40.201005E-03,-32.663316E-03
+328.400E-06,-52.763819E-03,-52.763819E-03
+330.600E-06,-72.864321E-03,-72.864321E-03
+332.800E-06,-60.301507E-03,-100.502511E-03
+335.000E-06,-60.301507E-03,-133.165828E-03
+337.200E-06,-40.201005E-03,-120.603014E-03
+339.400E-06,-60.301507E-03,-167.085425E-03
+341.600E-06,-46.482412E-03,-207.286430E-03
+343.800E-06,+0.0E+00,-221.105525E-03
+346.000E-06,+20.100502E-03,-247.487435E-03
+348.200E-06,+46.482412E-03,-261.306530E-03
+350.400E-06,+72.864321E-03,-281.407032E-03
+352.600E-06,+126.884421E-03,-281.407032E-03
+354.800E-06,+167.085425E-03,-287.688439E-03
+357.000E-06,+241.206028E-03,-281.407032E-03
+359.200E-06,+281.407032E-03,-314.070348E-03
+361.400E-06,+334.170851E-03,-267.587937E-03
+363.600E-06,+402.010046E-03,-227.386932E-03
+365.800E-06,+454.773864E-03,-207.286430E-03
+368.000E-06,+508.793964E-03,-146.984923E-03
+370.200E-06,+562.814064E-03,-106.783918E-03
+372.400E-06,+569.095471E-03,-40.201005E-03
+374.600E-06,+609.296476E-03,+26.381909E-03
+376.800E-06,+629.396978E-03,+106.783918E-03
+379.000E-06,+643.216074E-03,+173.366832E-03
+381.200E-06,+649.497480E-03,+253.768842E-03
+383.400E-06,+635.678385E-03,+354.271353E-03
+385.600E-06,+603.015069E-03,+414.572860E-03
+387.800E-06,+562.814064E-03,+522.613060E-03
+390.000E-06,+515.075371E-03,+582.914567E-03
+392.200E-06,+442.211051E-03,+649.497480E-03
+394.400E-06,+381.909544E-03,+729.899490E-03
+396.600E-06,+307.788941E-03,+804.020092E-03
+398.800E-06,+233.668339E-03,+824.120594E-03
+401.000E-06,+126.884421E-03,+844.221096E-03
+403.200E-06,+12.562814E-03,+864.321599E-03
+405.400E-06,-80.402009E-03,+864.321599E-03
+407.600E-06,-160.804018E-03,+864.321599E-03
+409.800E-06,-267.587937E-03,+836.683408E-03
+412.000E-06,-361.809041E-03,+804.020092E-03
+414.200E-06,-434.673362E-03,+749.999992E-03
+416.400E-06,-508.793964E-03,+689.698485E-03
+418.600E-06,-603.015069E-03,+643.216074E-03
+420.800E-06,-643.216074E-03,+555.276376E-03
+423.000E-06,-709.798987E-03,+482.412055E-03
+425.200E-06,-729.899490E-03,+422.110548E-03
+427.400E-06,-756.281399E-03,+334.170851E-03
+429.600E-06,-763.819087E-03,+241.206028E-03
+431.800E-06,-783.919590E-03,+153.266330E-03
+434.000E-06,-783.919590E-03,+46.482412E-03
+436.200E-06,-756.281399E-03,-6.281407E-03
+438.400E-06,-716.080394E-03,-80.402009E-03
+440.600E-06,-663.316576E-03,-146.984923E-03
+442.800E-06,-615.577883E-03,-193.467335E-03
+445.000E-06,-569.095471E-03,-281.407032E-03
+447.200E-06,-494.974869E-03,-281.407032E-03
+449.400E-06,-448.492458E-03,-334.170851E-03
+451.600E-06,-394.472358E-03,-341.708539E-03
+453.800E-06,-321.608037E-03,-374.371855E-03
+456.000E-06,-267.587937E-03,-341.708539E-03
+458.200E-06,-221.105525E-03,-354.271353E-03
+460.400E-06,-146.984923E-03,-321.608037E-03
+462.600E-06,-120.603014E-03,-321.608037E-03
+464.800E-06,-80.402009E-03,-301.507534E-03
+467.000E-06,-52.763819E-03,-261.306530E-03
+469.200E-06,-20.100502E-03,-233.668339E-03
+471.400E-06,+0.0E+00,-221.105525E-03
+473.600E-06,+12.562814E-03,-180.904521E-03
+475.800E-06,+12.562814E-03,-146.984923E-03
+478.000E-06,+20.100502E-03,-140.703516E-03
+480.200E-06,+6.281407E-03,-120.603014E-03
+482.400E-06,+12.562814E-03,-86.683416E-03
+484.600E-06,-20.100502E-03,-60.301507E-03
+486.800E-06,-20.100502E-03,-40.201005E-03
+489.000E-06,-52.763819E-03,-40.201005E-03
+491.200E-06,-40.201005E-03,-52.763819E-03
+493.400E-06,-66.582914E-03,-26.381909E-03
+495.600E-06,-72.864321E-03,-20.100502E-03
+497.800E-06,-100.502511E-03,-26.381909E-03
+500.000E-06,-80.402009E-03,-46.482412E-03
+502.200E-06,-120.603014E-03,-52.763819E-03
+504.400E-06,-106.783918E-03,-66.582914E-03
+506.600E-06,-86.683416E-03,-80.402009E-03
+508.800E-06,-120.603014E-03,-100.502511E-03
+511.000E-06,-113.065325E-03,-100.502511E-03
+513.200E-06,-92.964823E-03,-113.065325E-03
+515.400E-06,-80.402009E-03,-120.603014E-03
+517.600E-06,-72.864321E-03,-126.884421E-03
+519.800E-06,-40.201005E-03,-153.266330E-03
+522.000E-06,-46.482412E-03,-160.804018E-03
+524.200E-06,-60.301507E-03,-133.165828E-03
+526.400E-06,-26.381909E-03,-140.703516E-03
+528.600E-06,-20.100502E-03,-126.884421E-03
+530.800E-06,+12.562814E-03,-133.165828E-03
+533.000E-06,+20.100502E-03,-140.703516E-03
+535.200E-06,+6.281407E-03,-113.065325E-03
+537.400E-06,+40.201005E-03,-92.964823E-03
+539.600E-06,+32.663316E-03,-80.402009E-03
+541.800E-06,+40.201005E-03,-66.582914E-03
+544.000E-06,+20.100502E-03,-66.582914E-03
+546.200E-06,+20.100502E-03,-46.482412E-03
+548.400E-06,+6.281407E-03,-26.381909E-03
+550.600E-06,+26.381909E-03,-26.381909E-03
+552.800E-06,+26.381909E-03,-26.381909E-03
+555.000E-06,+20.100502E-03,-26.381909E-03
+557.200E-06,-20.100502E-03,-26.381909E-03
+559.400E-06,-20.100502E-03,-12.562814E-03
+561.600E-06,-40.201005E-03,-26.381909E-03
+563.800E-06,-40.201005E-03,+0.0E+00
+566.000E-06,-32.663316E-03,-20.100502E-03
+568.200E-06,-60.301507E-03,-46.482412E-03
+570.400E-06,-60.301507E-03,-40.201005E-03
+572.600E-06,-66.582914E-03,-46.482412E-03
+574.800E-06,-80.402009E-03,-72.864321E-03
+577.000E-06,-46.482412E-03,-46.482412E-03
+579.200E-06,-52.763819E-03,-80.402009E-03
+581.400E-06,-52.763819E-03,-80.402009E-03
+583.600E-06,-40.201005E-03,-86.683416E-03
+585.800E-06,-40.201005E-03,-80.402009E-03
+588.000E-06,-52.763819E-03,-92.964823E-03
+590.200E-06,-32.663316E-03,-92.964823E-03
+592.400E-06,-12.562814E-03,-106.783918E-03
+594.600E-06,-26.381909E-03,-86.683416E-03
+596.800E-06,+20.100502E-03,-80.402009E-03
+599.000E-06,+6.281407E-03,-86.683416E-03
+601.200E-06,+6.281407E-03,-92.964823E-03
+603.400E-06,+40.201005E-03,-86.683416E-03
+605.600E-06,+46.482412E-03,-86.683416E-03
+607.800E-06,+20.100502E-03,-92.964823E-03
+610.000E-06,+26.381909E-03,-66.582914E-03
+612.200E-06,+26.381909E-03,-60.301507E-03
+614.400E-06,+52.763819E-03,-60.301507E-03
+616.600E-06,+40.201005E-03,-52.763819E-03
+618.800E-06,+0.0E+00,-46.482412E-03
+621.000E-06,+20.100502E-03,-40.201005E-03
+623.200E-06,+32.663316E-03,-20.100502E-03
+625.400E-06,+0.0E+00,-26.381909E-03
+627.600E-06,+6.281407E-03,-32.663316E-03
+629.800E-06,+12.562814E-03,-32.663316E-03
+632.000E-06,-26.381909E-03,-20.100502E-03
+634.200E-06,+0.0E+00,-20.100502E-03
+636.400E-06,-6.281407E-03,-40.201005E-03
+638.600E-06,-20.100502E-03,-20.100502E-03
+640.800E-06,-12.562814E-03,-40.201005E-03
+643.000E-06,-32.663316E-03,-40.201005E-03
+645.200E-06,-20.100502E-03,-40.201005E-03
+647.400E-06,-40.201005E-03,-40.201005E-03
+649.600E-06,-40.201005E-03,-46.482412E-03
+651.800E-06,-6.281407E-03,-32.663316E-03
+654.000E-06,-26.381909E-03,-40.201005E-03
+656.200E-06,+6.281407E-03,-52.763819E-03
+658.400E-06,+0.0E+00,-32.663316E-03
+660.600E-06,-12.562814E-03,-60.301507E-03
+662.800E-06,+20.100502E-03,-40.201005E-03
+665.000E-06,+12.562814E-03,-40.201005E-03
+667.200E-06,+12.562814E-03,-60.301507E-03
+669.400E-06,-26.381909E-03,-26.381909E-03
+671.600E-06,+0.0E+00,-40.201005E-03
+673.800E-06,-6.281407E-03,-40.201005E-03
+676.000E-06,-12.562814E-03,-20.100502E-03
+678.200E-06,+0.0E+00,-20.100502E-03
+680.400E-06,-6.281407E-03,-26.381909E-03
+682.600E-06,+0.0E+00,-26.381909E-03
+684.800E-06,+0.0E+00,-20.100502E-03
+687.000E-06,+6.281407E-03,-6.281407E-03
+689.200E-06,-6.281407E-03,-6.281407E-03
+691.400E-06,-12.562814E-03,-20.100502E-03
+693.600E-06,+0.0E+00,-20.100502E-03
+695.800E-06,-26.381909E-03,-32.663316E-03
+698.000E-06,-26.381909E-03,-20.100502E-03
+700.200E-06,-46.482412E-03,-20.100502E-03
+702.400E-06,-20.100502E-03,-20.100502E-03
+704.600E-06,-20.100502E-03,+0.0E+00
+706.800E-06,-26.381909E-03,-40.201005E-03
+709.000E-06,-32.663316E-03,-40.201005E-03
+711.200E-06,-6.281407E-03,-6.281407E-03
+713.400E-06,-32.663316E-03,-26.381909E-03
+715.600E-06,-20.100502E-03,-20.100502E-03
+717.800E-06,-20.100502E-03,-20.100502E-03
+720.000E-06,-26.381909E-03,-46.482412E-03
+722.200E-06,-32.663316E-03,-40.201005E-03
+724.400E-06,+0.0E+00,-32.663316E-03
+726.600E-06,-20.100502E-03,-40.201005E-03
+728.800E-06,+0.0E+00,-40.201005E-03
+731.000E-06,-12.562814E-03,-20.100502E-03
+733.200E-06,+0.0E+00,-40.201005E-03
+735.400E-06,-12.562814E-03,-26.381909E-03
+737.600E-06,-20.100502E-03,-26.381909E-03
+739.800E-06,-12.562814E-03,+0.0E+00
+742.000E-06,+0.0E+00,-20.100502E-03
+744.200E-06,-20.100502E-03,-20.100502E-03
+746.400E-06,-12.562814E-03,-20.100502E-03
+748.600E-06,+6.281407E-03,-20.100502E-03
+750.800E-06,-6.281407E-03,+0.0E+00
+753.000E-06,-12.562814E-03,-20.100502E-03
+755.200E-06,-20.100502E-03,-6.281407E-03
+757.400E-06,+0.0E+00,+6.281407E-03
+759.600E-06,-20.100502E-03,-20.100502E-03
+761.800E-06,-26.381909E-03,-20.100502E-03
+764.000E-06,-40.201005E-03,-20.100502E-03
+766.200E-06,-60.301507E-03,-6.281407E-03
+768.400E-06,-40.201005E-03,+0.0E+00
+770.600E-06,-40.201005E-03,+0.0E+00
+772.800E-06,-52.763819E-03,-20.100502E-03
+775.000E-06,-32.663316E-03,-32.663316E-03
+777.200E-06,-26.381909E-03,-26.381909E-03
+779.400E-06,-40.201005E-03,-20.100502E-03
+781.600E-06,-46.482412E-03,-26.381909E-03
+783.800E-06,-40.201005E-03,-20.100502E-03
+786.000E-06,-60.301507E-03,-26.381909E-03
+788.200E-06,-40.201005E-03,-40.201005E-03
+790.400E-06,-32.663316E-03,-40.201005E-03
+792.600E-06,-20.100502E-03,-32.663316E-03
+794.800E-06,-6.281407E-03,-20.100502E-03
+797.000E-06,-32.663316E-03,-12.562814E-03
+799.200E-06,-46.482412E-03,-20.100502E-03
+801.400E-06,-12.562814E-03,-20.100502E-03
+803.600E-06,-20.100502E-03,-6.281407E-03
+805.800E-06,-20.100502E-03,-6.281407E-03
+808.000E-06,-6.281407E-03,-6.281407E-03
+810.200E-06,-32.663316E-03,-20.100502E-03
+812.400E-06,-32.663316E-03,-20.100502E-03
+814.600E-06,-20.100502E-03,-20.100502E-03
+816.800E-06,-40.201005E-03,-20.100502E-03
+819.000E-06,-40.201005E-03,+0.0E+00
+821.200E-06,-32.663316E-03,+0.0E+00
+823.400E-06,-12.562814E-03,-20.100502E-03
+825.600E-06,-40.201005E-03,-20.100502E-03
+827.800E-06,-66.582914E-03,-20.100502E-03
+830.000E-06,-40.201005E-03,-20.100502E-03
+832.200E-06,-40.201005E-03,-6.281407E-03
+834.400E-06,-26.381909E-03,+0.0E+00
+836.600E-06,-40.201005E-03,-12.562814E-03
+838.800E-06,-40.201005E-03,-20.100502E-03
+841.000E-06,-40.201005E-03,-40.201005E-03
+843.200E-06,-26.381909E-03,-32.663316E-03
+845.400E-06,-52.763819E-03,-12.562814E-03
+847.600E-06,-20.100502E-03,-32.663316E-03
+849.800E-06,-26.381909E-03,-26.381909E-03
+852.000E-06,-40.201005E-03,-32.663316E-03
+854.200E-06,-26.381909E-03,-20.100502E-03
+856.400E-06,+12.562814E-03,-40.201005E-03
+858.600E-06,-40.201005E-03,-32.663316E-03
+860.800E-06,+0.0E+00,-40.201005E-03
+863.000E-06,-20.100502E-03,-40.201005E-03
+865.200E-06,+0.0E+00,-20.100502E-03
+867.400E-06,-26.381909E-03,-32.663316E-03
+869.600E-06,-40.201005E-03,-12.562814E-03
+871.800E-06,-40.201005E-03,+0.0E+00
+874.000E-06,-20.100502E-03,+0.0E+00
+876.200E-06,-26.381909E-03,+0.0E+00
+878.400E-06,-20.100502E-03,+0.0E+00
+880.600E-06,-26.381909E-03,-12.562814E-03
+882.800E-06,-32.663316E-03,-20.100502E-03
+885.000E-06,-40.201005E-03,-20.100502E-03
+887.200E-06,-32.663316E-03,-26.381909E-03
+889.400E-06,-32.663316E-03,-40.201005E-03
+891.600E-06,-46.482412E-03,-20.100502E-03
+893.800E-06,-40.201005E-03,-20.100502E-03
+896.000E-06,-40.201005E-03,-12.562814E-03
+898.200E-06,-46.482412E-03,-20.100502E-03
+900.400E-06,-40.201005E-03,+0.0E+00
+902.600E-06,-46.482412E-03,-32.663316E-03
+904.800E-06,-26.381909E-03,-12.562814E-03
+907.000E-06,-40.201005E-03,-20.100502E-03
+909.200E-06,-26.381909E-03,-6.281407E-03
+911.400E-06,-20.100502E-03,-20.100502E-03
+913.600E-06,-40.201005E-03,-20.100502E-03
+915.800E-06,-40.201005E-03,+0.0E+00
+918.000E-06,-20.100502E-03,-32.663316E-03
+920.200E-06,-40.201005E-03,-20.100502E-03
+922.400E-06,-40.201005E-03,-20.100502E-03
+924.600E-06,-20.100502E-03,-20.100502E-03
+926.800E-06,-20.100502E-03,-32.663316E-03
+929.000E-06,-32.663316E-03,-40.201005E-03
+931.200E-06,-46.482412E-03,-40.201005E-03
+933.400E-06,-32.663316E-03,-20.100502E-03
+935.600E-06,-40.201005E-03,-20.100502E-03
+937.800E-06,-32.663316E-03,-26.381909E-03
+940.000E-06,-26.381909E-03,-20.100502E-03
+942.200E-06,-26.381909E-03,-20.100502E-03
+944.400E-06,-26.381909E-03,-6.281407E-03
+946.600E-06,-40.201005E-03,-20.100502E-03
+948.800E-06,-32.663316E-03,-26.381909E-03
+951.000E-06,-32.663316E-03,-20.100502E-03
+953.200E-06,-60.301507E-03,-32.663316E-03
+955.400E-06,-40.201005E-03,-6.281407E-03
+957.600E-06,-40.201005E-03,-6.281407E-03
+959.800E-06,-46.482412E-03,-20.100502E-03
+962.000E-06,-40.201005E-03,-20.100502E-03
+964.200E-06,-52.763819E-03,-6.281407E-03
+966.400E-06,-40.201005E-03,-20.100502E-03
+968.600E-06,-40.201005E-03,-26.381909E-03
+970.800E-06,-52.763819E-03,-26.381909E-03
+973.000E-06,-40.201005E-03,-20.100502E-03
+975.200E-06,-40.201005E-03,-32.663316E-03
+977.400E-06,-46.482412E-03,+0.0E+00
+979.600E-06,-32.663316E-03,-26.381909E-03
+981.800E-06,-40.201005E-03,-40.201005E-03
+984.000E-06,-46.482412E-03,-20.100502E-03
+986.200E-06,-32.663316E-03,-20.100502E-03
+988.400E-06,-12.562814E-03,-32.663316E-03
+990.600E-06,-40.201005E-03,-20.100502E-03
+992.800E-06,-32.663316E-03,-26.381909E-03
+995.000E-06,-12.562814E-03,-40.201005E-03
+997.200E-06,-32.663316E-03,-26.381909E-03
+999.400E-06,-52.763819E-03,-20.100502E-03
+1.001600E-03,-26.381909E-03,-6.281407E-03
+1.003800E-03,-12.562814E-03,-40.201005E-03
+1.006000E-03,-52.763819E-03,-26.381909E-03
+1.008200E-03,-32.663316E-03,-20.100502E-03
+1.010400E-03,-40.201005E-03,-20.100502E-03
+1.012600E-03,-46.482412E-03,-40.201005E-03
+1.014800E-03,-52.763819E-03,-20.100502E-03
+1.017000E-03,-32.663316E-03,-12.562814E-03
+1.019200E-03,-26.381909E-03,-20.100502E-03
+1.021400E-03,-26.381909E-03,-20.100502E-03
+1.023600E-03,-40.201005E-03,-26.381909E-03
+1.025800E-03,-40.201005E-03,-20.100502E-03
+1.028000E-03,-32.663316E-03,-20.100502E-03
+1.030200E-03,-32.663316E-03,-32.663316E-03
+1.032400E-03,-46.482412E-03,-20.100502E-03
+1.034600E-03,-46.482412E-03,-32.663316E-03
+1.036800E-03,-40.201005E-03,-20.100502E-03
+1.039000E-03,-46.482412E-03,-32.663316E-03
+1.041200E-03,-40.201005E-03,-26.381909E-03
+1.043400E-03,-32.663316E-03,-20.100502E-03
+1.045600E-03,-32.663316E-03,-20.100502E-03
+1.047800E-03,-26.381909E-03,-26.381909E-03
+1.050000E-03,-32.663316E-03,-20.100502E-03
+1.052200E-03,-32.663316E-03,-20.100502E-03
+1.054400E-03,-32.663316E-03,-12.562814E-03
+1.056600E-03,-40.201005E-03,-12.562814E-03
+1.058800E-03,-26.381909E-03,-20.100502E-03
+1.061000E-03,-20.100502E-03,-12.562814E-03
+1.063200E-03,-32.663316E-03,-20.100502E-03
+1.065400E-03,-40.201005E-03,-26.381909E-03
+1.067600E-03,-40.201005E-03,-12.562814E-03
+1.069800E-03,-32.663316E-03,-40.201005E-03
+1.072000E-03,-46.482412E-03,-20.100502E-03
+1.074200E-03,-40.201005E-03,-20.100502E-03
+1.076400E-03,-40.201005E-03,-20.100502E-03
+1.078600E-03,-32.663316E-03,-32.663316E-03
+1.080800E-03,-40.201005E-03,-32.663316E-03
+1.083000E-03,-26.381909E-03,-6.281407E-03
+1.085200E-03,-40.201005E-03,-40.201005E-03
+1.087400E-03,-32.663316E-03,-32.663316E-03
+1.089600E-03,-46.482412E-03,-20.100502E-03
+1.091800E-03,-32.663316E-03,-32.663316E-03
+1.094000E-03,-40.201005E-03,-12.562814E-03
+1.096200E-03,-26.381909E-03,-20.100502E-03
+1.098400E-03,-40.201005E-03,-26.381909E-03
+1.100600E-03,-46.482412E-03,-20.100502E-03
+1.102800E-03,-40.201005E-03,-20.100502E-03
+1.105000E-03,-46.482412E-03,-26.381909E-03
+1.107200E-03,-60.301507E-03,-46.482412E-03
+1.109400E-03,-40.201005E-03,-40.201005E-03
+1.111600E-03,-26.381909E-03,-6.281407E-03
+1.113800E-03,-40.201005E-03,-20.100502E-03
+1.116000E-03,-12.562814E-03,-40.201005E-03
+1.118200E-03,-40.201005E-03,-40.201005E-03
+1.120400E-03,-40.201005E-03,-40.201005E-03
+1.122600E-03,-26.381909E-03,-32.663316E-03
+1.124800E-03,-52.763819E-03,-20.100502E-03
+1.127000E-03,-60.301507E-03,-20.100502E-03
+1.129200E-03,-40.201005E-03,-40.201005E-03
+1.131400E-03,-40.201005E-03,-20.100502E-03
+1.133600E-03,-32.663316E-03,-6.281407E-03
+1.135800E-03,-40.201005E-03,-20.100502E-03
+1.138000E-03,-20.100502E-03,-20.100502E-03
+1.140200E-03,-20.100502E-03,-20.100502E-03
+1.142400E-03,-26.381909E-03,-20.100502E-03
+1.144600E-03,-46.482412E-03,-20.100502E-03
+1.146800E-03,-26.381909E-03,-32.663316E-03
+1.149000E-03,-20.100502E-03,-32.663316E-03
+1.151200E-03,-52.763819E-03,-6.281407E-03
+1.153400E-03,-46.482412E-03,-20.100502E-03
+1.155600E-03,-32.663316E-03,-20.100502E-03
+1.157800E-03,-52.763819E-03,-40.201005E-03
+1.160000E-03,-26.381909E-03,-6.281407E-03
+1.162200E-03,-40.201005E-03,-20.100502E-03
+1.164400E-03,-26.381909E-03,-20.100502E-03
+1.166600E-03,-40.201005E-03,-32.663316E-03
+1.168800E-03,-46.482412E-03,-20.100502E-03
+1.171000E-03,-40.201005E-03,-26.381909E-03
+1.173200E-03,-32.663316E-03,-26.381909E-03
+1.175400E-03,-40.201005E-03,-40.201005E-03
+1.177600E-03,-40.201005E-03,-40.201005E-03
+1.179800E-03,-32.663316E-03,-26.381909E-03
+1.182000E-03,-20.100502E-03,-32.663316E-03
+1.184200E-03,-32.663316E-03,-20.100502E-03
+1.186400E-03,-40.201005E-03,-20.100502E-03
+1.188600E-03,-52.763819E-03,-40.201005E-03
+1.190800E-03,-20.100502E-03,-46.482412E-03
+1.193000E-03,-32.663316E-03,-46.482412E-03
+1.195200E-03,-40.201005E-03,-26.381909E-03
+1.197400E-03,-46.482412E-03,-32.663316E-03
+1.199600E-03,-40.201005E-03,-32.663316E-03
+1.201800E-03,-20.100502E-03,-32.663316E-03
+1.204000E-03,-40.201005E-03,-32.663316E-03
+1.206200E-03,+0.0E+00,-32.663316E-03
+1.208400E-03,-20.100502E-03,-20.100502E-03
+1.210600E-03,-32.663316E-03,-32.663316E-03
+1.212800E-03,-20.100502E-03,-26.381909E-03
+1.215000E-03,-40.201005E-03,-40.201005E-03
+1.217200E-03,-40.201005E-03,-32.663316E-03
+1.219400E-03,-40.201005E-03,-20.100502E-03
+1.221600E-03,-46.482412E-03,-40.201005E-03
+1.223800E-03,-40.201005E-03,-32.663316E-03
+1.226000E-03,-20.100502E-03,-32.663316E-03
+1.228200E-03,-20.100502E-03,-40.201005E-03
+1.230400E-03,-32.663316E-03,-26.381909E-03
+1.232600E-03,-60.301507E-03,-20.100502E-03
+1.234800E-03,-26.381909E-03,-40.201005E-03
+1.237000E-03,-46.482412E-03,-20.100502E-03
+1.239200E-03,-26.381909E-03,-26.381909E-03
+1.241400E-03,-40.201005E-03,-40.201005E-03
+1.243600E-03,-26.381909E-03,-40.201005E-03
+1.245800E-03,-32.663316E-03,-52.763819E-03
+1.248000E-03,-20.100502E-03,-52.763819E-03
+1.250200E-03,-40.201005E-03,-20.100502E-03
+1.252400E-03,-26.381909E-03,-40.201005E-03
+1.254600E-03,-12.562814E-03,-12.562814E-03
+1.256800E-03,-26.381909E-03,-26.381909E-03
+1.259000E-03,-52.763819E-03,-32.663316E-03
+1.261200E-03,-32.663316E-03,-26.381909E-03
+1.263400E-03,-40.201005E-03,-26.381909E-03
+1.265600E-03,-26.381909E-03,-6.281407E-03
+1.267800E-03,-40.201005E-03,-12.562814E-03
+1.270000E-03,-46.482412E-03,-20.100502E-03
+1.272200E-03,-40.201005E-03,-26.381909E-03
+1.274400E-03,-40.201005E-03,-26.381909E-03
+1.276600E-03,-32.663316E-03,-12.562814E-03
+1.278800E-03,-12.562814E-03,-32.663316E-03
+1.281000E-03,-20.100502E-03,-26.381909E-03
+1.283200E-03,-40.201005E-03,-26.381909E-03
+1.285400E-03,-20.100502E-03,-20.100502E-03
+1.287600E-03,-40.201005E-03,-20.100502E-03
+1.289800E-03,-46.482412E-03,-20.100502E-03
+1.292000E-03,-40.201005E-03,-40.201005E-03
+1.294200E-03,-26.381909E-03,-40.201005E-03
+1.296400E-03,-32.663316E-03,-20.100502E-03
+1.298600E-03,-40.201005E-03,-20.100502E-03
+1.300800E-03,-26.381909E-03,-40.201005E-03
+1.303000E-03,-40.201005E-03,-40.201005E-03
+1.305200E-03,-46.482412E-03,-26.381909E-03
+1.307400E-03,-20.100502E-03,-40.201005E-03
+1.309600E-03,-26.381909E-03,-20.100502E-03
+1.311800E-03,-20.100502E-03,-26.381909E-03
+1.314000E-03,-40.201005E-03,-32.663316E-03
+1.316200E-03,-26.381909E-03,-26.381909E-03
+1.318400E-03,-26.381909E-03,-20.100502E-03
+1.320600E-03,-40.201005E-03,-40.201005E-03
+1.322800E-03,-40.201005E-03,-40.201005E-03
+1.325000E-03,-32.663316E-03,-12.562814E-03
+1.327200E-03,-32.663316E-03,-40.201005E-03
+1.329400E-03,-20.100502E-03,-20.100502E-03
+1.331600E-03,-26.381909E-03,-32.663316E-03
+1.333800E-03,-26.381909E-03,-26.381909E-03
+1.336000E-03,-26.381909E-03,-40.201005E-03
+1.338200E-03,-46.482412E-03,-20.100502E-03
+1.340400E-03,-20.100502E-03,-20.100502E-03
+1.342600E-03,-52.763819E-03,-6.281407E-03
+1.344800E-03,-26.381909E-03,-20.100502E-03
+1.347000E-03,-32.663316E-03,-20.100502E-03
+1.349200E-03,-20.100502E-03,-12.562814E-03
+1.351400E-03,-26.381909E-03,-26.381909E-03
+1.353600E-03,-40.201005E-03,-6.281407E-03
+1.355800E-03,-52.763819E-03,-40.201005E-03
+1.358000E-03,-40.201005E-03,-26.381909E-03
+1.360200E-03,-40.201005E-03,-40.201005E-03
+1.362400E-03,-40.201005E-03,-26.381909E-03
+1.364600E-03,-46.482412E-03,-40.201005E-03
+1.366800E-03,-46.482412E-03,-32.663316E-03
+1.369000E-03,-40.201005E-03,-20.100502E-03
+1.371200E-03,-40.201005E-03,-32.663316E-03
+1.373400E-03,-32.663316E-03,-26.381909E-03
+1.375600E-03,-40.201005E-03,-40.201005E-03
+1.377800E-03,-46.482412E-03,-26.381909E-03
+1.380000E-03,-52.763819E-03,-40.201005E-03
+1.382200E-03,-32.663316E-03,-32.663316E-03
+1.384400E-03,-20.100502E-03,-12.562814E-03
+1.386600E-03,-40.201005E-03,-26.381909E-03
+1.388800E-03,-20.100502E-03,-20.100502E-03
+1.391000E-03,-26.381909E-03,-26.381909E-03
+1.393200E-03,-32.663316E-03,-32.663316E-03
+1.395400E-03,-26.381909E-03,-20.100502E-03
+1.397600E-03,-26.381909E-03,-20.100502E-03
+1.399800E-03,-32.663316E-03,-20.100502E-03
+1.402000E-03,-32.663316E-03,-6.281407E-03
+1.404200E-03,-40.201005E-03,-20.100502E-03
+1.406400E-03,-40.201005E-03,-20.100502E-03
+1.408600E-03,-60.301507E-03,-6.281407E-03
+1.410800E-03,-26.381909E-03,-26.381909E-03
+1.413000E-03,-32.663316E-03,-20.100502E-03
+1.415200E-03,-20.100502E-03,-40.201005E-03
+1.417400E-03,-60.301507E-03,-32.663316E-03
+1.419600E-03,-40.201005E-03,-20.100502E-03
+1.421800E-03,-12.562814E-03,-32.663316E-03
+1.424000E-03,-26.381909E-03,-20.100502E-03
+1.426200E-03,-40.201005E-03,-20.100502E-03
+1.428400E-03,-40.201005E-03,-6.281407E-03
+1.430600E-03,-12.562814E-03,-20.100502E-03
+1.432800E-03,-20.100502E-03,-26.381909E-03
+1.435000E-03,-46.482412E-03,-32.663316E-03
+1.437200E-03,-46.482412E-03,-26.381909E-03
+1.439400E-03,-46.482412E-03,-40.201005E-03
+1.441600E-03,-20.100502E-03,-20.100502E-03
+1.443800E-03,-40.201005E-03,-32.663316E-03
+1.446000E-03,-20.100502E-03,-40.201005E-03
+1.448200E-03,-40.201005E-03,-6.281407E-03
+1.450400E-03,-6.281407E-03,-20.100502E-03
+1.452600E-03,-40.201005E-03,-26.381909E-03
+1.454800E-03,-40.201005E-03,-20.100502E-03
+1.457000E-03,-40.201005E-03,-6.281407E-03
+1.459200E-03,-20.100502E-03,-20.100502E-03
+1.461400E-03,-20.100502E-03,-20.100502E-03
+1.463600E-03,-26.381909E-03,-20.100502E-03
+1.465800E-03,-46.482412E-03,-40.201005E-03
+1.468000E-03,-20.100502E-03,-20.100502E-03
+1.470200E-03,-40.201005E-03,-32.663316E-03
+1.472400E-03,-40.201005E-03,-6.281407E-03
+1.474600E-03,-46.482412E-03,-20.100502E-03
+1.476800E-03,-32.663316E-03,-32.663316E-03
+1.479000E-03,-32.663316E-03,-32.663316E-03
+1.481200E-03,-40.201005E-03,-20.100502E-03
+1.483400E-03,-32.663316E-03,-20.100502E-03
+1.485600E-03,-26.381909E-03,-20.100502E-03
+1.487800E-03,-40.201005E-03,-32.663316E-03
+1.490000E-03,-40.201005E-03,-32.663316E-03
+1.492200E-03,-20.100502E-03,-32.663316E-03
+1.494400E-03,-40.201005E-03,-20.100502E-03
+1.496600E-03,-40.201005E-03,-26.381909E-03
+1.498800E-03,-40.201005E-03,-40.201005E-03
+1.501000E-03,-26.381909E-03,-20.100502E-03
+1.503200E-03,-52.763819E-03,-32.663316E-03
+1.505400E-03,-46.482412E-03,-32.663316E-03
+1.507600E-03,-40.201005E-03,-26.381909E-03
+1.509800E-03,-32.663316E-03,-26.381909E-03
+1.512000E-03,-20.100502E-03,-26.381909E-03
+1.514200E-03,-20.100502E-03,-40.201005E-03
+1.516400E-03,-40.201005E-03,-20.100502E-03
+1.518600E-03,-40.201005E-03,-26.381909E-03
+1.520800E-03,-40.201005E-03,-40.201005E-03
+1.523000E-03,-12.562814E-03,-32.663316E-03
+1.525200E-03,-12.562814E-03,-26.381909E-03
+1.527400E-03,-40.201005E-03,-40.201005E-03
+1.529600E-03,-52.763819E-03,-26.381909E-03
+1.531800E-03,-32.663316E-03,-20.100502E-03
+1.534000E-03,-52.763819E-03,-26.381909E-03
+1.536200E-03,-40.201005E-03,-40.201005E-03
+1.538400E-03,-40.201005E-03,-20.100502E-03
+1.540600E-03,-60.301507E-03,-20.100502E-03
+1.542800E-03,-26.381909E-03,-6.281407E-03
+1.545000E-03,-20.100502E-03,-20.100502E-03
+1.547200E-03,-20.100502E-03,-20.100502E-03
+1.549400E-03,-40.201005E-03,-26.381909E-03
+1.551600E-03,-40.201005E-03,-20.100502E-03
+1.553800E-03,-40.201005E-03,-20.100502E-03
+1.556000E-03,-32.663316E-03,-20.100502E-03
+1.558200E-03,-40.201005E-03,-32.663316E-03
+1.560400E-03,-26.381909E-03,-20.100502E-03
+1.562600E-03,-40.201005E-03,-40.201005E-03
+1.564800E-03,-20.100502E-03,-20.100502E-03
+1.567000E-03,-40.201005E-03,-32.663316E-03
+1.569200E-03,-52.763819E-03,-20.100502E-03
+1.571400E-03,-6.281407E-03,-26.381909E-03
+1.573600E-03,-40.201005E-03,-12.562814E-03
+1.575800E-03,-26.381909E-03,-40.201005E-03
+1.578000E-03,-32.663316E-03,-20.100502E-03
+1.580200E-03,-20.100502E-03,-20.100502E-03
+1.582400E-03,-20.100502E-03,-32.663316E-03
+1.584600E-03,-20.100502E-03,-12.562814E-03
+1.586800E-03,-40.201005E-03,-20.100502E-03
+1.589000E-03,-40.201005E-03,-26.381909E-03
+1.591200E-03,-32.663316E-03,-26.381909E-03
+1.593400E-03,-40.201005E-03,-40.201005E-03
+1.595600E-03,-20.100502E-03,-20.100502E-03
+1.597800E-03,-20.100502E-03,-26.381909E-03
+1.600000E-03,-32.663316E-03,-12.562814E-03
+1.602200E-03,-26.381909E-03,-20.100502E-03
+1.604400E-03,-40.201005E-03,-12.562814E-03
+1.606600E-03,-32.663316E-03,-26.381909E-03
+1.608800E-03,-32.663316E-03,-40.201005E-03
+1.611000E-03,-20.100502E-03,-20.100502E-03
+1.613200E-03,-20.100502E-03,-40.201005E-03
+1.615400E-03,-40.201005E-03,-26.381909E-03
+1.617600E-03,-40.201005E-03,-20.100502E-03
+1.619800E-03,-52.763819E-03,-26.381909E-03
+1.622000E-03,-60.301507E-03,-40.201005E-03
+1.624200E-03,-20.100502E-03,-20.100502E-03
+1.626400E-03,-26.381909E-03,-32.663316E-03
+1.628600E-03,-20.100502E-03,-20.100502E-03
+1.630800E-03,-32.663316E-03,-20.100502E-03
+1.633000E-03,-26.381909E-03,-20.100502E-03
+1.635200E-03,-26.381909E-03,-20.100502E-03
+1.637400E-03,-20.100502E-03,-6.281407E-03
+1.639600E-03,-40.201005E-03,-26.381909E-03
+1.641800E-03,-32.663316E-03,-46.482412E-03
+1.644000E-03,-32.663316E-03,-32.663316E-03
+1.646200E-03,-20.100502E-03,-12.562814E-03
+1.648400E-03,-20.100502E-03,-32.663316E-03
+1.650600E-03,-20.100502E-03,-20.100502E-03
+1.652800E-03,-40.201005E-03,-12.562814E-03
+1.655000E-03,-32.663316E-03,-32.663316E-03
+1.657200E-03,-20.100502E-03,-32.663316E-03
+1.659400E-03,-20.100502E-03,-32.663316E-03
+1.661600E-03,-26.381909E-03,-20.100502E-03
+1.663800E-03,-26.381909E-03,-20.100502E-03
+1.666000E-03,-20.100502E-03,-12.562814E-03
+1.668200E-03,-32.663316E-03,-20.100502E-03
+1.670400E-03,-40.201005E-03,-32.663316E-03
+1.672600E-03,-52.763819E-03,-12.562814E-03
+1.674800E-03,-40.201005E-03,-20.100502E-03
+1.677000E-03,-40.201005E-03,-20.100502E-03
+1.679200E-03,-32.663316E-03,-12.562814E-03
+1.681400E-03,-40.201005E-03,-20.100502E-03
+1.683600E-03,-52.763819E-03,+0.0E+00
+1.685800E-03,-20.100502E-03,-20.100502E-03
+1.688000E-03,-40.201005E-03,-40.201005E-03
+1.690200E-03,-20.100502E-03,-20.100502E-03
+1.692400E-03,-40.201005E-03,-40.201005E-03
+1.694600E-03,-40.201005E-03,-46.482412E-03
+1.696800E-03,-12.562814E-03,-20.100502E-03
+1.699000E-03,-20.100502E-03,-20.100502E-03
+1.701200E-03,-40.201005E-03,-20.100502E-03
+1.703400E-03,-32.663316E-03,-20.100502E-03
+1.705600E-03,-20.100502E-03,-26.381909E-03
+1.707800E-03,-40.201005E-03,-26.381909E-03
+1.710000E-03,-40.201005E-03,-32.663316E-03
+1.712200E-03,-52.763819E-03,-32.663316E-03
+1.714400E-03,-26.381909E-03,-20.100502E-03
+1.716600E-03,-40.201005E-03,-12.562814E-03
+1.718800E-03,-40.201005E-03,-6.281407E-03
+1.721000E-03,-32.663316E-03,-26.381909E-03
+1.723200E-03,-46.482412E-03,-20.100502E-03
+1.725400E-03,-46.482412E-03,-32.663316E-03
+1.727600E-03,-40.201005E-03,-26.381909E-03
+1.729800E-03,-20.100502E-03,-26.381909E-03
+1.732000E-03,-40.201005E-03,-20.100502E-03
+1.734200E-03,-32.663316E-03,-26.381909E-03
+1.736400E-03,-32.663316E-03,-32.663316E-03
+1.738600E-03,-32.663316E-03,-40.201005E-03
+1.740800E-03,-32.663316E-03,-26.381909E-03
+1.743000E-03,-40.201005E-03,-40.201005E-03
+1.745200E-03,-26.381909E-03,-26.381909E-03
+1.747400E-03,-52.763819E-03,-40.201005E-03
+1.749600E-03,-40.201005E-03,-32.663316E-03
+1.751800E-03,-40.201005E-03,-6.281407E-03
+1.754000E-03,-26.381909E-03,-20.100502E-03
+1.756200E-03,-32.663316E-03,-26.381909E-03
+1.758400E-03,-52.763819E-03,-40.201005E-03
+1.760600E-03,-32.663316E-03,-20.100502E-03
+1.762800E-03,-20.100502E-03,-20.100502E-03
+1.765000E-03,-20.100502E-03,-20.100502E-03
+1.767200E-03,-26.381909E-03,-32.663316E-03
+1.769400E-03,-26.381909E-03,-32.663316E-03
+1.771600E-03,-26.381909E-03,-32.663316E-03
+1.773800E-03,-46.482412E-03,-26.381909E-03
+1.776000E-03,-52.763819E-03,-20.100502E-03
+1.778200E-03,-40.201005E-03,-52.763819E-03
+1.780400E-03,-40.201005E-03,-40.201005E-03
+1.782600E-03,-32.663316E-03,-26.381909E-03
+1.784800E-03,-46.482412E-03,-40.201005E-03
+1.787000E-03,-26.381909E-03,-20.100502E-03
+1.789200E-03,-32.663316E-03,-20.100502E-03
+1.791400E-03,-40.201005E-03,-32.663316E-03
+1.793600E-03,-32.663316E-03,-6.281407E-03
+1.795800E-03,-20.100502E-03,-32.663316E-03
+1.798000E-03,-26.381909E-03,-20.100502E-03
+1.800200E-03,-32.663316E-03,-26.381909E-03
+1.802400E-03,-26.381909E-03,-20.100502E-03
+1.804600E-03,-20.100502E-03,-6.281407E-03
+1.806800E-03,-40.201005E-03,-20.100502E-03
+1.809000E-03,-46.482412E-03,-20.100502E-03
+1.811200E-03,-12.562814E-03,-20.100502E-03
+1.813400E-03,-20.100502E-03,-32.663316E-03
+1.815600E-03,-20.100502E-03,-6.281407E-03
+1.817800E-03,-40.201005E-03,-6.281407E-03
+1.820000E-03,-26.381909E-03,-12.562814E-03
+1.822200E-03,-40.201005E-03,-20.100502E-03
+1.824400E-03,-20.100502E-03,-32.663316E-03
+1.826600E-03,-46.482412E-03,-26.381909E-03
+1.828800E-03,-20.100502E-03,-6.281407E-03
+1.831000E-03,-40.201005E-03,-40.201005E-03
+1.833200E-03,-40.201005E-03,-20.100502E-03
+1.835400E-03,-12.562814E-03,-20.100502E-03
+1.837600E-03,-32.663316E-03,-32.663316E-03
+1.839800E-03,-20.100502E-03,-26.381909E-03
+1.842000E-03,-40.201005E-03,-40.201005E-03
+1.844200E-03,-26.381909E-03,-20.100502E-03
+1.846400E-03,-32.663316E-03,-20.100502E-03
+1.848600E-03,-26.381909E-03,-12.562814E-03
+1.850800E-03,-46.482412E-03,-40.201005E-03
+1.853000E-03,-32.663316E-03,-26.381909E-03
+1.855200E-03,-26.381909E-03,-20.100502E-03
+1.857400E-03,-32.663316E-03,-20.100502E-03
+1.859600E-03,-26.381909E-03,-40.201005E-03
+1.861800E-03,-40.201005E-03,-12.562814E-03
+1.864000E-03,-26.381909E-03,-26.381909E-03
+1.866200E-03,-20.100502E-03,-20.100502E-03
+1.868400E-03,-46.482412E-03,-32.663316E-03
+1.870600E-03,-52.763819E-03,-20.100502E-03
+1.872800E-03,-32.663316E-03,-20.100502E-03
+1.875000E-03,-20.100502E-03,-32.663316E-03
+1.877200E-03,-32.663316E-03,-26.381909E-03
+1.879400E-03,-20.100502E-03,-20.100502E-03
+1.881600E-03,-26.381909E-03,-26.381909E-03
+1.883800E-03,-20.100502E-03,-32.663316E-03
+1.886000E-03,-40.201005E-03,-20.100502E-03
+1.888200E-03,-26.381909E-03,-6.281407E-03
+1.890400E-03,-20.100502E-03,-20.100502E-03
+1.892600E-03,-26.381909E-03,-12.562814E-03
+1.894800E-03,-40.201005E-03,-26.381909E-03
+1.897000E-03,-32.663316E-03,-20.100502E-03
+1.899200E-03,-40.201005E-03,-26.381909E-03
+1.901400E-03,-40.201005E-03,-20.100502E-03
+1.903600E-03,-40.201005E-03,-6.281407E-03
+1.905800E-03,-40.201005E-03,-32.663316E-03
+1.908000E-03,-40.201005E-03,-26.381909E-03
+1.910200E-03,-20.100502E-03,-20.100502E-03
+1.912400E-03,-40.201005E-03,-20.100502E-03
+1.914600E-03,-26.381909E-03,-32.663316E-03
+1.916800E-03,-40.201005E-03,-20.100502E-03
+1.919000E-03,-40.201005E-03,-20.100502E-03
+1.921200E-03,-40.201005E-03,-20.100502E-03
+1.923400E-03,-26.381909E-03,-20.100502E-03
+1.925600E-03,-32.663316E-03,-32.663316E-03
+1.927800E-03,-20.100502E-03,-20.100502E-03
+1.930000E-03,-40.201005E-03,-40.201005E-03
+1.932200E-03,-60.301507E-03,-20.100502E-03
+1.934400E-03,-12.562814E-03,-20.100502E-03
+1.936600E-03,-32.663316E-03,-20.100502E-03
+1.938800E-03,-20.100502E-03,-20.100502E-03
+1.941000E-03,-40.201005E-03,-32.663316E-03
+1.943200E-03,-40.201005E-03,-32.663316E-03
+1.945400E-03,-32.663316E-03,-6.281407E-03
+1.947600E-03,-32.663316E-03,-32.663316E-03
+1.949800E-03,-40.201005E-03,-20.100502E-03
+1.952000E-03,-20.100502E-03,-20.100502E-03
+1.954200E-03,-26.381909E-03,-20.100502E-03
+1.956400E-03,-46.482412E-03,-12.562814E-03
+1.958600E-03,-32.663316E-03,-40.201005E-03
+1.960800E-03,-32.663316E-03,-26.381909E-03
+1.963000E-03,-20.100502E-03,-20.100502E-03
+1.965200E-03,-32.663316E-03,-12.562814E-03
+1.967400E-03,-40.201005E-03,-6.281407E-03
+1.969600E-03,-40.201005E-03,-26.381909E-03
+1.971800E-03,-40.201005E-03,-40.201005E-03
+1.974000E-03,-40.201005E-03,-40.201005E-03
+1.976200E-03,-6.281407E-03,-20.100502E-03
+1.978400E-03,-40.201005E-03,-20.100502E-03
+1.980600E-03,-26.381909E-03,-26.381909E-03
+1.982800E-03,-6.281407E-03,-40.201005E-03
+1.985000E-03,-20.100502E-03,-20.100502E-03
+1.987200E-03,-40.201005E-03,-40.201005E-03
+1.989400E-03,-32.663316E-03,-20.100502E-03
+1.991600E-03,-40.201005E-03,-40.201005E-03
+1.993800E-03,-32.663316E-03,-32.663316E-03
+1.996000E-03,-40.201005E-03,-26.381909E-03
+1.998200E-03,-60.301507E-03,-40.201005E-03
+2.000400E-03,-32.663316E-03,-12.562814E-03
+2.002600E-03,-26.381909E-03,-20.100502E-03
+2.004800E-03,-40.201005E-03,-20.100502E-03
+2.007000E-03,-32.663316E-03,-26.381909E-03
+2.009200E-03,-40.201005E-03,-20.100502E-03
+2.011400E-03,-32.663316E-03,+0.0E+00
+2.013600E-03,-32.663316E-03,-6.281407E-03
+2.015800E-03,-40.201005E-03,-20.100502E-03
+2.018000E-03,-20.100502E-03,-26.381909E-03
+2.020200E-03,-20.100502E-03,-40.201005E-03
+2.022400E-03,-32.663316E-03,-20.100502E-03
+2.024600E-03,-52.763819E-03,-32.663316E-03
+2.026800E-03,-40.201005E-03,-26.381909E-03
+2.029000E-03,-26.381909E-03,-20.100502E-03
+2.031200E-03,-32.663316E-03,-40.201005E-03
+2.033400E-03,-26.381909E-03,-20.100502E-03
+2.035600E-03,-52.763819E-03,-20.100502E-03
+2.037800E-03,-40.201005E-03,-26.381909E-03
+2.040000E-03,-12.562814E-03,-20.100502E-03
+2.042200E-03,-6.281407E-03,+0.0E+00
+2.044400E-03,-40.201005E-03,-20.100502E-03
+2.046600E-03,-26.381909E-03,-20.100502E-03
+2.048800E-03,-46.482412E-03,-12.562814E-03
+2.051000E-03,-40.201005E-03,-6.281407E-03
+2.053200E-03,-20.100502E-03,-32.663316E-03
+2.055400E-03,-20.100502E-03,-26.381909E-03
+2.057600E-03,-20.100502E-03,-20.100502E-03
+2.059800E-03,-20.100502E-03,-32.663316E-03
+2.062000E-03,-40.201005E-03,-20.100502E-03
+2.064200E-03,-52.763819E-03,-20.100502E-03
+2.066400E-03,-20.100502E-03,-40.201005E-03
+2.068600E-03,-20.100502E-03,-20.100502E-03
+2.070800E-03,-40.201005E-03,-6.281407E-03
+2.073000E-03,-12.562814E-03,-20.100502E-03
+2.075200E-03,-32.663316E-03,-40.201005E-03
+2.077400E-03,-52.763819E-03,-20.100502E-03
+2.079600E-03,-32.663316E-03,-26.381909E-03
+2.081800E-03,-40.201005E-03,-20.100502E-03
+2.084000E-03,-46.482412E-03,-26.381909E-03
+2.086200E-03,-40.201005E-03,-40.201005E-03
+2.088400E-03,-40.201005E-03,-20.100502E-03
+2.090600E-03,-40.201005E-03,-32.663316E-03
+2.092800E-03,-20.100502E-03,+0.0E+00
+2.095000E-03,-32.663316E-03,-26.381909E-03
+2.097200E-03,-40.201005E-03,-26.381909E-03
+2.099400E-03,-20.100502E-03,-20.100502E-03
+2.101600E-03,-60.301507E-03,-26.381909E-03
+2.103800E-03,-32.663316E-03,-40.201005E-03
+2.106000E-03,-32.663316E-03,-26.381909E-03
+2.108200E-03,-52.763819E-03,-40.201005E-03
+2.110400E-03,-40.201005E-03,-40.201005E-03
+2.112600E-03,-26.381909E-03,-20.100502E-03
+2.114800E-03,-72.864321E-03,-40.201005E-03
+2.117000E-03,-40.201005E-03,-32.663316E-03
+2.119200E-03,-60.301507E-03,-20.100502E-03
+2.121400E-03,-46.482412E-03,-20.100502E-03
+2.123600E-03,-32.663316E-03,-20.100502E-03
+2.125800E-03,-52.763819E-03,-32.663316E-03
+2.128000E-03,-32.663316E-03,-20.100502E-03
+2.130200E-03,-40.201005E-03,-20.100502E-03
+2.132400E-03,-32.663316E-03,-12.562814E-03
+2.134600E-03,-20.100502E-03,-20.100502E-03
+2.136800E-03,-40.201005E-03,-26.381909E-03
+2.139000E-03,-26.381909E-03,-12.562814E-03
+2.141200E-03,-20.100502E-03,-20.100502E-03
+2.143400E-03,-40.201005E-03,-26.381909E-03
+2.145600E-03,-52.763819E-03,-20.100502E-03
+2.147800E-03,-46.482412E-03,-26.381909E-03
+2.150000E-03,-40.201005E-03,-32.663316E-03
+2.152200E-03,-32.663316E-03,-20.100502E-03
+2.154400E-03,-6.281407E-03,-26.381909E-03
+2.156600E-03,-32.663316E-03,-32.663316E-03
+2.158800E-03,-46.482412E-03,-32.663316E-03
+2.161000E-03,-40.201005E-03,-40.201005E-03
+2.163200E-03,-40.201005E-03,-6.281407E-03
+2.165400E-03,-52.763819E-03,-20.100502E-03
+2.167600E-03,-26.381909E-03,-26.381909E-03
+2.169800E-03,-40.201005E-03,-32.663316E-03
+2.172000E-03,-20.100502E-03,-20.100502E-03
+2.174200E-03,-40.201005E-03,-12.562814E-03
+2.176400E-03,-40.201005E-03,-32.663316E-03
+2.178600E-03,-46.482412E-03,-26.381909E-03
+2.180800E-03,-32.663316E-03,-20.100502E-03
+2.183000E-03,-40.201005E-03,-20.100502E-03
+2.185200E-03,-52.763819E-03,-32.663316E-03
+2.187400E-03,-26.381909E-03,-40.201005E-03
+2.189600E-03,-40.201005E-03,-20.100502E-03
+2.191800E-03,-32.663316E-03,-20.100502E-03
+2.194000E-03,-40.201005E-03,-12.562814E-03
+2.196200E-03,-32.663316E-03,-12.562814E-03
+2.198400E-03,-26.381909E-03,-20.100502E-03
+2.200600E-03,-32.663316E-03,-6.281407E-03
+2.202800E-03,-26.381909E-03,-20.100502E-03
+2.205000E-03,-40.201005E-03,-20.100502E-03
+2.207200E-03,-32.663316E-03,-12.562814E-03
+2.209400E-03,-40.201005E-03,-26.381909E-03
+2.211600E-03,-46.482412E-03,-20.100502E-03
+2.213800E-03,-32.663316E-03,-6.281407E-03
+2.216000E-03,-40.201005E-03,-40.201005E-03
+2.218200E-03,-52.763819E-03,-20.100502E-03
+2.220400E-03,-60.301507E-03,-20.100502E-03
+2.222600E-03,-40.201005E-03,-32.663316E-03
+2.224800E-03,-40.201005E-03,-26.381909E-03
+2.227000E-03,-26.381909E-03,+0.0E+00
+2.229200E-03,-26.381909E-03,-20.100502E-03
+2.231400E-03,-26.381909E-03,-32.663316E-03
+2.233600E-03,-26.381909E-03,-26.381909E-03
+2.235800E-03,-32.663316E-03,-12.562814E-03
+2.238000E-03,-40.201005E-03,-32.663316E-03
+2.240200E-03,-6.281407E-03,-20.100502E-03
+2.242400E-03,-40.201005E-03,-20.100502E-03
+2.244600E-03,-20.100502E-03,-12.562814E-03
+2.246800E-03,-26.381909E-03,-20.100502E-03
+2.249000E-03,-40.201005E-03,-26.381909E-03
+2.251200E-03,-32.663316E-03,-40.201005E-03
+2.253400E-03,-32.663316E-03,-20.100502E-03
+2.255600E-03,-32.663316E-03,-20.100502E-03
+2.257800E-03,-20.100502E-03,-20.100502E-03
+2.260000E-03,-6.281407E-03,-20.100502E-03
+2.262200E-03,-40.201005E-03,-26.381909E-03
+2.264400E-03,-32.663316E-03,-20.100502E-03
+2.266600E-03,-32.663316E-03,-40.201005E-03
+2.268800E-03,-40.201005E-03,-40.201005E-03
+2.271000E-03,-40.201005E-03,-40.201005E-03
+2.273200E-03,-26.381909E-03,-32.663316E-03
+2.275400E-03,-46.482412E-03,-26.381909E-03
+2.277600E-03,-32.663316E-03,-20.100502E-03
+2.279800E-03,-52.763819E-03,-26.381909E-03
+2.282000E-03,-52.763819E-03,-32.663316E-03
+2.284200E-03,-32.663316E-03,-26.381909E-03
+2.286400E-03,-26.381909E-03,-26.381909E-03
+2.288600E-03,-32.663316E-03,-26.381909E-03
+2.290800E-03,-20.100502E-03,-26.381909E-03
+2.293000E-03,-40.201005E-03,-26.381909E-03
+2.295200E-03,-26.381909E-03,-40.201005E-03
+2.297400E-03,-40.201005E-03,-26.381909E-03
+2.299600E-03,-26.381909E-03,-32.663316E-03
+2.301800E-03,-40.201005E-03,-32.663316E-03
+2.304000E-03,-40.201005E-03,-12.562814E-03
+2.306200E-03,-40.201005E-03,-32.663316E-03
+2.308400E-03,-26.381909E-03,-26.381909E-03
+2.310600E-03,-40.201005E-03,-20.100502E-03
+2.312800E-03,-40.201005E-03,-6.281407E-03
+2.315000E-03,-26.381909E-03,-20.100502E-03
+2.317200E-03,-32.663316E-03,-20.100502E-03
+2.319400E-03,-40.201005E-03,-6.281407E-03
+2.321600E-03,-46.482412E-03,-20.100502E-03
+2.323800E-03,-60.301507E-03,-20.100502E-03
+2.326000E-03,-40.201005E-03,+0.0E+00
+2.328200E-03,-26.381909E-03,-12.562814E-03
+2.330400E-03,-52.763819E-03,-26.381909E-03
+2.332600E-03,-52.763819E-03,-40.201005E-03
+2.334800E-03,-32.663316E-03,-12.562814E-03
+2.337000E-03,-20.100502E-03,-26.381909E-03
+2.339200E-03,-52.763819E-03,-40.201005E-03
+2.341400E-03,-20.100502E-03,-32.663316E-03
+2.343600E-03,-46.482412E-03,-26.381909E-03
+2.345800E-03,-32.663316E-03,-12.562814E-03
+2.348000E-03,-40.201005E-03,-26.381909E-03
+2.350200E-03,-32.663316E-03,-40.201005E-03
+2.352400E-03,-46.482412E-03,-6.281407E-03
+2.354600E-03,-40.201005E-03,-40.201005E-03
+2.356800E-03,-40.201005E-03,-32.663316E-03
+2.359000E-03,-40.201005E-03,-26.381909E-03
+2.361200E-03,-40.201005E-03,-40.201005E-03
+2.363400E-03,-26.381909E-03,-20.100502E-03
+2.365600E-03,-32.663316E-03,-20.100502E-03
+2.367800E-03,-46.482412E-03,-40.201005E-03
+2.370000E-03,-40.201005E-03,-12.562814E-03
+2.372200E-03,-40.201005E-03,-32.663316E-03
+2.374400E-03,-32.663316E-03,-40.201005E-03
+2.376600E-03,-52.763819E-03,-40.201005E-03
+2.378800E-03,-40.201005E-03,-26.381909E-03
+2.381000E-03,-32.663316E-03,-40.201005E-03
+2.383200E-03,-20.100502E-03,-26.381909E-03
+2.385400E-03,-32.663316E-03,-20.100502E-03
+2.387600E-03,-20.100502E-03,-20.100502E-03
+2.389800E-03,-20.100502E-03,-20.100502E-03
+2.392000E-03,-26.381909E-03,-20.100502E-03
+2.394200E-03,-32.663316E-03,-12.562814E-03
+2.396400E-03,-26.381909E-03,-26.381909E-03
+2.398600E-03,-26.381909E-03,-20.100502E-03
+2.400800E-03,-20.100502E-03,-52.763819E-03
+2.403000E-03,-20.100502E-03,-32.663316E-03
+2.405200E-03,-26.381909E-03,-20.100502E-03
+2.407400E-03,-52.763819E-03,-32.663316E-03
+2.409600E-03,-26.381909E-03,-6.281407E-03
+2.411800E-03,-26.381909E-03,-20.100502E-03
+2.414000E-03,-40.201005E-03,-20.100502E-03
+2.416200E-03,-26.381909E-03,-20.100502E-03
+2.418400E-03,-20.100502E-03,-20.100502E-03
+2.420600E-03,-40.201005E-03,-32.663316E-03
+2.422800E-03,-40.201005E-03,-20.100502E-03
+2.425000E-03,-20.100502E-03,-6.281407E-03
+2.427200E-03,-40.201005E-03,-20.100502E-03
+2.429400E-03,-32.663316E-03,-20.100502E-03
+2.431600E-03,-40.201005E-03,-40.201005E-03
+2.433800E-03,-40.201005E-03,-6.281407E-03
+2.436000E-03,-6.281407E-03,-12.562814E-03
+2.438200E-03,-26.381909E-03,-20.100502E-03
+2.440400E-03,-40.201005E-03,-20.100502E-03
+2.442600E-03,-32.663316E-03,-46.482412E-03
+2.444800E-03,-32.663316E-03,-12.562814E-03
+2.447000E-03,-40.201005E-03,-20.100502E-03
+2.449200E-03,-40.201005E-03,-20.100502E-03
+2.451400E-03,-40.201005E-03,-32.663316E-03
+2.453600E-03,-40.201005E-03,-26.381909E-03
+2.455800E-03,-26.381909E-03,-6.281407E-03
+2.458000E-03,-46.482412E-03,-40.201005E-03
+2.460200E-03,-32.663316E-03,-20.100502E-03
+2.462400E-03,-26.381909E-03,-6.281407E-03
+2.464600E-03,-20.100502E-03,-26.381909E-03
+2.466800E-03,-40.201005E-03,-20.100502E-03
+2.469000E-03,-26.381909E-03,-6.281407E-03
+2.471200E-03,-46.482412E-03,-32.663316E-03
+2.473400E-03,-52.763819E-03,-26.381909E-03
+2.475600E-03,-26.381909E-03,-40.201005E-03
+2.477800E-03,-40.201005E-03,-20.100502E-03
+2.480000E-03,-26.381909E-03,-52.763819E-03
+2.482200E-03,-20.100502E-03,-20.100502E-03
+2.484400E-03,-20.100502E-03,-20.100502E-03
+2.486600E-03,-46.482412E-03,-26.381909E-03
+2.488800E-03,-40.201005E-03,-20.100502E-03
+2.491000E-03,-26.381909E-03,+0.0E+00
+2.493200E-03,-26.381909E-03,-40.201005E-03
+2.495400E-03,-40.201005E-03,-20.100502E-03
+2.497600E-03,-20.100502E-03,-26.381909E-03
+2.499800E-03,-32.663316E-03,-32.663316E-03
+2.502000E-03,-26.381909E-03,-26.381909E-03
+2.504200E-03,-20.100502E-03,-32.663316E-03
+2.506400E-03,-32.663316E-03,-20.100502E-03
+2.508600E-03,-26.381909E-03,-32.663316E-03
+2.510800E-03,-26.381909E-03,-20.100502E-03
+2.513000E-03,-32.663316E-03,-12.562814E-03
+2.515200E-03,-26.381909E-03,-32.663316E-03
+2.517400E-03,-40.201005E-03,-26.381909E-03
+2.519600E-03,-52.763819E-03,-26.381909E-03
+2.521800E-03,-40.201005E-03,-40.201005E-03
+2.524000E-03,-52.763819E-03,-32.663316E-03
+2.526200E-03,-60.301507E-03,-20.100502E-03
+2.528400E-03,-40.201005E-03,-12.562814E-03
+2.530600E-03,-40.201005E-03,-20.100502E-03
+2.532800E-03,-32.663316E-03,-26.381909E-03
+2.535000E-03,-52.763819E-03,-20.100502E-03
+2.537200E-03,-40.201005E-03,-26.381909E-03
+2.539400E-03,-40.201005E-03,-20.100502E-03
+2.541600E-03,-40.201005E-03,-26.381909E-03
+2.543800E-03,-32.663316E-03,-26.381909E-03
+2.546000E-03,-26.381909E-03,+0.0E+00
+2.548200E-03,-40.201005E-03,-20.100502E-03
+2.550400E-03,-40.201005E-03,-20.100502E-03
+2.552600E-03,-40.201005E-03,-20.100502E-03
+2.554800E-03,-40.201005E-03,-40.201005E-03
+2.557000E-03,-26.381909E-03,-40.201005E-03
+2.559200E-03,-32.663316E-03,-26.381909E-03
+2.561400E-03,-52.763819E-03,-20.100502E-03
+2.563600E-03,-20.100502E-03,-40.201005E-03
+2.565800E-03,-40.201005E-03,-20.100502E-03
+2.568000E-03,-40.201005E-03,-20.100502E-03
+2.570200E-03,-66.582914E-03,-40.201005E-03
+2.572400E-03,-52.763819E-03,-20.100502E-03
+2.574600E-03,-52.763819E-03,-20.100502E-03
+2.576800E-03,-40.201005E-03,-26.381909E-03
+2.579000E-03,-40.201005E-03,-20.100502E-03
+2.581200E-03,-40.201005E-03,-12.562814E-03
+2.583400E-03,-26.381909E-03,-20.100502E-03
+2.585600E-03,-20.100502E-03,-6.281407E-03
+2.587800E-03,-32.663316E-03,-20.100502E-03
+2.590000E-03,-40.201005E-03,-20.100502E-03
+2.592200E-03,-40.201005E-03,-40.201005E-03
+2.594400E-03,-52.763819E-03,-6.281407E-03
+2.596600E-03,-40.201005E-03,-20.100502E-03
+2.598800E-03,-26.381909E-03,-26.381909E-03
+2.601000E-03,-40.201005E-03,-20.100502E-03
+2.603200E-03,-46.482412E-03,-26.381909E-03
+2.605400E-03,-26.381909E-03,-40.201005E-03
+2.607600E-03,-32.663316E-03,-32.663316E-03
+2.609800E-03,-32.663316E-03,-40.201005E-03
+2.612000E-03,-20.100502E-03,-32.663316E-03
+2.614200E-03,-20.100502E-03,+0.0E+00
+2.616400E-03,-40.201005E-03,-6.281407E-03
+2.618600E-03,-40.201005E-03,-20.100502E-03
+2.620800E-03,-20.100502E-03,-20.100502E-03
+2.623000E-03,-20.100502E-03,+0.0E+00
+2.625200E-03,-40.201005E-03,-20.100502E-03
+2.627400E-03,-20.100502E-03,-20.100502E-03
+2.629600E-03,-20.100502E-03,-20.100502E-03
+2.631800E-03,-20.100502E-03,-32.663316E-03
+2.634000E-03,-40.201005E-03,-20.100502E-03
+2.636200E-03,-40.201005E-03,-12.562814E-03
+2.638400E-03,-52.763819E-03,-26.381909E-03
+2.640600E-03,-52.763819E-03,-40.201005E-03
+2.642800E-03,-40.201005E-03,-26.381909E-03
+2.645000E-03,-26.381909E-03,-32.663316E-03
+2.647200E-03,-26.381909E-03,-26.381909E-03
+2.649400E-03,-32.663316E-03,-40.201005E-03
+2.651600E-03,-26.381909E-03,-20.100502E-03
+2.653800E-03,-46.482412E-03,-46.482412E-03
+2.656000E-03,-52.763819E-03,-26.381909E-03
+2.658200E-03,-40.201005E-03,-32.663316E-03
+2.660400E-03,-46.482412E-03,-12.562814E-03
+2.662600E-03,-40.201005E-03,-32.663316E-03
+2.664800E-03,-40.201005E-03,-12.562814E-03
+2.667000E-03,-40.201005E-03,-20.100502E-03
+2.669200E-03,-32.663316E-03,-40.201005E-03
+2.671400E-03,-26.381909E-03,-32.663316E-03
+2.673600E-03,-46.482412E-03,-32.663316E-03
+2.675800E-03,-40.201005E-03,-40.201005E-03
+2.678000E-03,-40.201005E-03,-20.100502E-03
+2.680200E-03,-20.100502E-03,-20.100502E-03
+2.682400E-03,-40.201005E-03,-20.100502E-03
+2.684600E-03,-40.201005E-03,-32.663316E-03
+2.686800E-03,-40.201005E-03,-20.100502E-03
+2.689000E-03,-40.201005E-03,-26.381909E-03
+2.691200E-03,-6.281407E-03,-26.381909E-03
+2.693400E-03,-40.201005E-03,-40.201005E-03
+2.695600E-03,-40.201005E-03,-52.763819E-03
+2.697800E-03,-26.381909E-03,-6.281407E-03
+2.700000E-03,-20.100502E-03,-32.663316E-03
+2.702200E-03,-32.663316E-03,-26.381909E-03
+2.704400E-03,-32.663316E-03,-26.381909E-03
+2.706600E-03,-32.663316E-03,-20.100502E-03
+2.708800E-03,-52.763819E-03,-20.100502E-03
+2.711000E-03,-20.100502E-03,-40.201005E-03
+2.713200E-03,-40.201005E-03,-12.562814E-03
+2.715400E-03,-40.201005E-03,-26.381909E-03
+2.717600E-03,-20.100502E-03,-20.100502E-03
+2.719800E-03,-20.100502E-03,-20.100502E-03
+2.722000E-03,-40.201005E-03,-26.381909E-03
+2.724200E-03,-40.201005E-03,-6.281407E-03
+2.726400E-03,-32.663316E-03,-20.100502E-03
+2.728600E-03,-40.201005E-03,-20.100502E-03
+2.730800E-03,-32.663316E-03,-12.562814E-03
+2.733000E-03,-20.100502E-03,-20.100502E-03
+2.735200E-03,-40.201005E-03,-20.100502E-03
+2.737400E-03,-20.100502E-03,-32.663316E-03
+2.739600E-03,-26.381909E-03,-26.381909E-03
+2.741800E-03,-32.663316E-03,-20.100502E-03
+2.744000E-03,-32.663316E-03,-20.100502E-03
+2.746200E-03,-52.763819E-03,-26.381909E-03
+2.748400E-03,-40.201005E-03,-26.381909E-03
+2.750600E-03,-32.663316E-03,-20.100502E-03
+2.752800E-03,-40.201005E-03,-40.201005E-03
+2.755000E-03,-32.663316E-03,-20.100502E-03
+2.757200E-03,-40.201005E-03,-32.663316E-03
+2.759400E-03,-26.381909E-03,-20.100502E-03
+2.761600E-03,-32.663316E-03,-26.381909E-03
+2.763800E-03,-26.381909E-03,-26.381909E-03
+2.766000E-03,-40.201005E-03,-20.100502E-03
+2.768200E-03,-20.100502E-03,-20.100502E-03
+2.770400E-03,-46.482412E-03,-20.100502E-03
+2.772600E-03,-40.201005E-03,-20.100502E-03
+2.774800E-03,-32.663316E-03,-26.381909E-03
+2.777000E-03,-40.201005E-03,-32.663316E-03
+2.779200E-03,-26.381909E-03,-26.381909E-03
+2.781400E-03,-40.201005E-03,-32.663316E-03
+2.783600E-03,-26.381909E-03,-26.381909E-03
+2.785800E-03,-20.100502E-03,-26.381909E-03
+2.788000E-03,-32.663316E-03,-26.381909E-03
+2.790200E-03,-40.201005E-03,-32.663316E-03
+2.792400E-03,-40.201005E-03,-20.100502E-03
+2.794600E-03,-32.663316E-03,-20.100502E-03
+2.796800E-03,-40.201005E-03,-20.100502E-03
+2.799000E-03,-32.663316E-03,-12.562814E-03
+2.801200E-03,-40.201005E-03,+0.0E+00
+2.803400E-03,-40.201005E-03,-26.381909E-03
+2.805600E-03,-40.201005E-03,-20.100502E-03
+2.807800E-03,-32.663316E-03,-20.100502E-03
+2.810000E-03,-52.763819E-03,-20.100502E-03
+2.812200E-03,-26.381909E-03,+6.281407E-03
+2.814400E-03,-20.100502E-03,-20.100502E-03
+2.816600E-03,-40.201005E-03,-26.381909E-03
+2.818800E-03,-52.763819E-03,-40.201005E-03
+2.821000E-03,-32.663316E-03,-20.100502E-03
+2.823200E-03,-20.100502E-03,-26.381909E-03
+2.825400E-03,-26.381909E-03,-26.381909E-03
+2.827600E-03,-40.201005E-03,-40.201005E-03
+2.829800E-03,-20.100502E-03,-6.281407E-03
+2.832000E-03,-40.201005E-03,-32.663316E-03
+2.834200E-03,-32.663316E-03,-40.201005E-03
+2.836400E-03,-46.482412E-03,-20.100502E-03
+2.838600E-03,-40.201005E-03,-20.100502E-03
+2.840800E-03,-32.663316E-03,-40.201005E-03
+2.843000E-03,-20.100502E-03,-20.100502E-03
+2.845200E-03,-20.100502E-03,-26.381909E-03
+2.847400E-03,-46.482412E-03,-26.381909E-03
+2.849600E-03,-32.663316E-03,-26.381909E-03
+2.851800E-03,-20.100502E-03,-6.281407E-03
+2.854000E-03,-46.482412E-03,-32.663316E-03
+2.856200E-03,-26.381909E-03,-32.663316E-03
+2.858400E-03,-40.201005E-03,-40.201005E-03
+2.860600E-03,-60.301507E-03,-32.663316E-03
+2.862800E-03,-32.663316E-03,-20.100502E-03
+2.865000E-03,-32.663316E-03,-26.381909E-03
+2.867200E-03,-46.482412E-03,-20.100502E-03
+2.869400E-03,-40.201005E-03,-26.381909E-03
+2.871600E-03,-40.201005E-03,-20.100502E-03
+2.873800E-03,-26.381909E-03,-20.100502E-03
+2.876000E-03,-46.482412E-03,-20.100502E-03
+2.878200E-03,-52.763819E-03,-20.100502E-03
+2.880400E-03,-26.381909E-03,-26.381909E-03
+2.882600E-03,-12.562814E-03,-32.663316E-03
+2.884800E-03,-32.663316E-03,-20.100502E-03
+2.887000E-03,-60.301507E-03,-40.201005E-03
+2.889200E-03,-46.482412E-03,-26.381909E-03
+2.891400E-03,-20.100502E-03,-26.381909E-03
+2.893600E-03,-40.201005E-03,-32.663316E-03
+2.895800E-03,-66.582914E-03,-12.562814E-03
+2.898000E-03,-32.663316E-03,-12.562814E-03
+2.900200E-03,-52.763819E-03,-26.381909E-03
+2.902400E-03,-52.763819E-03,+0.0E+00
+2.904600E-03,-32.663316E-03,-20.100502E-03
+2.906800E-03,-40.201005E-03,-12.562814E-03
+2.909000E-03,-26.381909E-03,-12.562814E-03
+2.911200E-03,-40.201005E-03,-26.381909E-03
+2.913400E-03,-20.100502E-03,-20.100502E-03
+2.915600E-03,-52.763819E-03,-26.381909E-03
+2.917800E-03,-40.201005E-03,-20.100502E-03
+2.920000E-03,-20.100502E-03,-20.100502E-03
+2.922200E-03,-40.201005E-03,-26.381909E-03
+2.924400E-03,-26.381909E-03,-26.381909E-03
+2.926600E-03,-32.663316E-03,-32.663316E-03
+2.928800E-03,-32.663316E-03,-20.100502E-03
+2.931000E-03,-40.201005E-03,-20.100502E-03
+2.933200E-03,-20.100502E-03,-40.201005E-03
+2.935400E-03,-40.201005E-03,-26.381909E-03
+2.937600E-03,-52.763819E-03,-20.100502E-03
+2.939800E-03,-26.381909E-03,-6.281407E-03
+2.942000E-03,-40.201005E-03,-26.381909E-03
+2.944200E-03,-6.281407E-03,-26.381909E-03
+2.946400E-03,-40.201005E-03,-20.100502E-03
+2.948600E-03,-40.201005E-03,-32.663316E-03
+2.950800E-03,-40.201005E-03,-20.100502E-03
+2.953000E-03,-40.201005E-03,-12.562814E-03
+2.955200E-03,-40.201005E-03,-40.201005E-03
+2.957400E-03,-40.201005E-03,-20.100502E-03
+2.959600E-03,-46.482412E-03,-20.100502E-03
+2.961800E-03,-26.381909E-03,-40.201005E-03
+2.964000E-03,-52.763819E-03,-20.100502E-03
+2.966200E-03,-40.201005E-03,-40.201005E-03
+2.968400E-03,-40.201005E-03,-20.100502E-03
+2.970600E-03,-26.381909E-03,-26.381909E-03
+2.972800E-03,-40.201005E-03,-20.100502E-03
+2.975000E-03,-26.381909E-03,-40.201005E-03
+2.977200E-03,-20.100502E-03,-40.201005E-03
+2.979400E-03,-26.381909E-03,-26.381909E-03
+2.981600E-03,-26.381909E-03,-40.201005E-03
+2.983800E-03,-52.763819E-03,-20.100502E-03
+2.986000E-03,-52.763819E-03,-52.763819E-03
+2.988200E-03,-66.582914E-03,-20.100502E-03
+2.990400E-03,-40.201005E-03,-20.100502E-03
+2.992600E-03,-20.100502E-03,-40.201005E-03
+2.994800E-03,-26.381909E-03,-20.100502E-03
+2.997000E-03,-20.100502E-03,-20.100502E-03
+2.999200E-03,-32.663316E-03,-20.100502E-03
+3.001400E-03,-52.763819E-03,-26.381909E-03
+3.003600E-03,-46.482412E-03,+0.0E+00
+3.005800E-03,-40.201005E-03,-6.281407E-03
+3.008000E-03,-40.201005E-03,-20.100502E-03
+3.010200E-03,-26.381909E-03,-26.381909E-03
+3.012400E-03,-26.381909E-03,-6.281407E-03
+3.014600E-03,-26.381909E-03,-20.100502E-03
+3.016800E-03,-60.301507E-03,-26.381909E-03
+3.019000E-03,-40.201005E-03,+0.0E+00
+3.021200E-03,-40.201005E-03,-52.763819E-03
+3.023400E-03,-26.381909E-03,-40.201005E-03
+3.025600E-03,-40.201005E-03,-26.381909E-03
+3.027800E-03,-40.201005E-03,-20.100502E-03
+3.030000E-03,-26.381909E-03,-32.663316E-03
+3.032200E-03,-40.201005E-03,-32.663316E-03
+3.034400E-03,-52.763819E-03,-32.663316E-03
+3.036600E-03,-46.482412E-03,-6.281407E-03
+3.038800E-03,-40.201005E-03,-20.100502E-03
+3.041000E-03,-20.100502E-03,-6.281407E-03
+3.043200E-03,-32.663316E-03,-26.381909E-03
+3.045400E-03,-46.482412E-03,-26.381909E-03
+3.047600E-03,-52.763819E-03,-20.100502E-03
+3.049800E-03,-46.482412E-03,-32.663316E-03
+3.052000E-03,-32.663316E-03,-20.100502E-03
+3.054200E-03,-46.482412E-03,-40.201005E-03
+3.056400E-03,-20.100502E-03,-20.100502E-03
+3.058600E-03,-32.663316E-03,-40.201005E-03
+3.060800E-03,-40.201005E-03,-32.663316E-03
+3.063000E-03,-26.381909E-03,-32.663316E-03
+3.065200E-03,-32.663316E-03,-20.100502E-03
+3.067400E-03,-46.482412E-03,-20.100502E-03
+3.069600E-03,-46.482412E-03,-6.281407E-03
+3.071800E-03,-40.201005E-03,-40.201005E-03
+3.074000E-03,-32.663316E-03,+0.0E+00
+3.076200E-03,-52.763819E-03,-40.201005E-03
+3.078400E-03,-40.201005E-03,-32.663316E-03
+3.080600E-03,-40.201005E-03,-32.663316E-03
+3.082800E-03,-32.663316E-03,-20.100502E-03
+3.085000E-03,-40.201005E-03,-20.100502E-03
+3.087200E-03,-46.482412E-03,-20.100502E-03
+3.089400E-03,-46.482412E-03,-20.100502E-03
+3.091600E-03,-32.663316E-03,-40.201005E-03
+3.093800E-03,-20.100502E-03,-6.281407E-03
+3.096000E-03,-32.663316E-03,+0.0E+00
+3.098200E-03,-12.562814E-03,-6.281407E-03
+3.100400E-03,-26.381909E-03,-32.663316E-03
+3.102600E-03,-32.663316E-03,-46.482412E-03
+3.104800E-03,-32.663316E-03,-20.100502E-03
+3.107000E-03,+0.0E+00,-20.100502E-03
+3.109200E-03,-46.482412E-03,-32.663316E-03
+3.111400E-03,-46.482412E-03,-20.100502E-03
+3.113600E-03,-40.201005E-03,-6.281407E-03
+3.115800E-03,-40.201005E-03,-6.281407E-03
+3.118000E-03,-40.201005E-03,-20.100502E-03
+3.120200E-03,-40.201005E-03,-20.100502E-03
+3.122400E-03,-52.763819E-03,-12.562814E-03
+3.124600E-03,-32.663316E-03,-26.381909E-03
+3.126800E-03,-40.201005E-03,-40.201005E-03
+3.129000E-03,-40.201005E-03,-6.281407E-03
+3.131200E-03,-26.381909E-03,-26.381909E-03
+3.133400E-03,-32.663316E-03,-26.381909E-03
+3.135600E-03,-40.201005E-03,-32.663316E-03
+3.137800E-03,-26.381909E-03,-40.201005E-03
+3.140000E-03,-40.201005E-03,-20.100502E-03
+3.142200E-03,-40.201005E-03,-12.562814E-03
+3.144400E-03,-52.763819E-03,-32.663316E-03
+3.146600E-03,-32.663316E-03,-32.663316E-03
+3.148800E-03,-20.100502E-03,-32.663316E-03
+3.151000E-03,-32.663316E-03,-26.381909E-03
+3.153200E-03,-32.663316E-03,-12.562814E-03
+3.155400E-03,-32.663316E-03,-26.381909E-03
+3.157600E-03,-40.201005E-03,-6.281407E-03
+3.159800E-03,-40.201005E-03,+0.0E+00
+3.162000E-03,-40.201005E-03,-26.381909E-03
+3.164200E-03,-12.562814E-03,-26.381909E-03
+3.166400E-03,-40.201005E-03,-32.663316E-03
+3.168600E-03,-40.201005E-03,-20.100502E-03
+3.170800E-03,-52.763819E-03,-20.100502E-03
+3.173000E-03,-46.482412E-03,-26.381909E-03
+3.175200E-03,-40.201005E-03,-20.100502E-03
+3.177400E-03,-40.201005E-03,-20.100502E-03
+3.179600E-03,-6.281407E-03,-20.100502E-03
+3.181800E-03,-40.201005E-03,-20.100502E-03
+3.184000E-03,-40.201005E-03,-20.100502E-03
+3.186200E-03,-40.201005E-03,-20.100502E-03
+3.188400E-03,-26.381909E-03,-20.100502E-03
+3.190600E-03,-40.201005E-03,-52.763819E-03
+3.192800E-03,-32.663316E-03,-26.381909E-03
+3.195000E-03,-26.381909E-03,-20.100502E-03
+3.197200E-03,-46.482412E-03,-26.381909E-03
+3.199400E-03,-40.201005E-03,-26.381909E-03
+3.201600E-03,-20.100502E-03,-12.562814E-03
+3.203800E-03,-40.201005E-03,-26.381909E-03
+3.206000E-03,-40.201005E-03,-20.100502E-03
+3.208200E-03,-20.100502E-03,-12.562814E-03
+3.210400E-03,-40.201005E-03,-32.663316E-03
+3.212600E-03,-40.201005E-03,-20.100502E-03
+3.214800E-03,-6.281407E-03,-26.381909E-03
+3.217000E-03,-52.763819E-03,-20.100502E-03
+3.219200E-03,-46.482412E-03,-20.100502E-03
+3.221400E-03,-40.201005E-03,-40.201005E-03
+3.223600E-03,-52.763819E-03,-32.663316E-03
+3.225800E-03,-40.201005E-03,-20.100502E-03
+3.228000E-03,-40.201005E-03,-40.201005E-03
+3.230200E-03,-40.201005E-03,-20.100502E-03
+3.232400E-03,-40.201005E-03,-20.100502E-03
+3.234600E-03,-32.663316E-03,-20.100502E-03
+3.236800E-03,-40.201005E-03,-26.381909E-03
+3.239000E-03,-40.201005E-03,-20.100502E-03
+3.241200E-03,-40.201005E-03,-20.100502E-03
+3.243400E-03,-32.663316E-03,-32.663316E-03
+3.245600E-03,-40.201005E-03,-20.100502E-03
+3.247800E-03,-40.201005E-03,-20.100502E-03
+3.250000E-03,-26.381909E-03,-32.663316E-03
+3.252200E-03,-40.201005E-03,-12.562814E-03
+3.254400E-03,-26.381909E-03,-6.281407E-03
+3.256600E-03,-26.381909E-03,-40.201005E-03
+3.258800E-03,-46.482412E-03,-40.201005E-03
+3.261000E-03,-26.381909E-03,-20.100502E-03
+3.263200E-03,-32.663316E-03,-26.381909E-03
+3.265400E-03,-32.663316E-03,-20.100502E-03
+3.267600E-03,-40.201005E-03,-12.562814E-03
+3.269800E-03,-46.482412E-03,-20.100502E-03
+3.272000E-03,-26.381909E-03,-20.100502E-03
+3.274200E-03,-26.381909E-03,-40.201005E-03
+3.276400E-03,-52.763819E-03,-20.100502E-03
+3.278600E-03,-40.201005E-03,-32.663316E-03
+3.280800E-03,-46.482412E-03,-20.100502E-03
+3.283000E-03,-32.663316E-03,-20.100502E-03
+3.285200E-03,-32.663316E-03,-40.201005E-03
+3.287400E-03,-40.201005E-03,-20.100502E-03
+3.289600E-03,-40.201005E-03,-12.562814E-03
+3.291800E-03,-40.201005E-03,-20.100502E-03
+3.294000E-03,-46.482412E-03,-26.381909E-03
+3.296200E-03,-20.100502E-03,-26.381909E-03
+3.298400E-03,-20.100502E-03,-20.100502E-03
+3.300600E-03,-32.663316E-03,-20.100502E-03
+3.302800E-03,-40.201005E-03,-20.100502E-03
+3.305000E-03,-40.201005E-03,-40.201005E-03
+3.307200E-03,-32.663316E-03,-20.100502E-03
+3.309400E-03,-32.663316E-03,-32.663316E-03
+3.311600E-03,-60.301507E-03,-26.381909E-03
+3.313800E-03,-40.201005E-03,-32.663316E-03
+3.316000E-03,-32.663316E-03,-32.663316E-03
+3.318200E-03,-26.381909E-03,-12.562814E-03
+3.320400E-03,-40.201005E-03,-40.201005E-03
+3.322600E-03,-26.381909E-03,-20.100502E-03
+3.324800E-03,-46.482412E-03,-20.100502E-03
+3.327000E-03,-26.381909E-03,-32.663316E-03
+3.329200E-03,-32.663316E-03,-20.100502E-03
+3.331400E-03,-60.301507E-03,-40.201005E-03
+3.333600E-03,-40.201005E-03,-20.100502E-03
+3.335800E-03,-26.381909E-03,-26.381909E-03
+3.338000E-03,-20.100502E-03,-20.100502E-03
+3.340200E-03,-52.763819E-03,-26.381909E-03
+3.342400E-03,-40.201005E-03,-40.201005E-03
+3.344600E-03,-40.201005E-03,-12.562814E-03
+3.346800E-03,-46.482412E-03,-32.663316E-03
+3.349000E-03,-26.381909E-03,-20.100502E-03
+3.351200E-03,-26.381909E-03,-20.100502E-03
+3.353400E-03,-40.201005E-03,-26.381909E-03
+3.355600E-03,-40.201005E-03,-32.663316E-03
+3.357800E-03,-46.482412E-03,-20.100502E-03
+3.360000E-03,-46.482412E-03,-6.281407E-03
+3.362200E-03,-40.201005E-03,-20.100502E-03
+3.364400E-03,-40.201005E-03,-20.100502E-03
+3.366600E-03,-46.482412E-03,-26.381909E-03
+3.368800E-03,-26.381909E-03,-20.100502E-03
+3.371000E-03,-40.201005E-03,-32.663316E-03
+3.373200E-03,-26.381909E-03,-26.381909E-03
+3.375400E-03,-52.763819E-03,-32.663316E-03
+3.377600E-03,-26.381909E-03,-40.201005E-03
+3.379800E-03,-40.201005E-03,-52.763819E-03
+3.382000E-03,-52.763819E-03,-32.663316E-03
+3.384200E-03,-32.663316E-03,-20.100502E-03
+3.386400E-03,-20.100502E-03,-40.201005E-03
+3.388600E-03,-12.562814E-03,-12.562814E-03
+3.390800E-03,-26.381909E-03,-6.281407E-03
+3.393000E-03,-46.482412E-03,-40.201005E-03
+3.395200E-03,-40.201005E-03,-20.100502E-03
+3.397400E-03,-40.201005E-03,-26.381909E-03
+3.399600E-03,-40.201005E-03,-40.201005E-03
+3.401800E-03,-46.482412E-03,-26.381909E-03
+3.404000E-03,-26.381909E-03,-26.381909E-03
+3.406200E-03,-40.201005E-03,-26.381909E-03
+3.408400E-03,-32.663316E-03,-12.562814E-03
+3.410600E-03,-32.663316E-03,-20.100502E-03
+3.412800E-03,-26.381909E-03,-26.381909E-03
+3.415000E-03,-40.201005E-03,-40.201005E-03
+3.417200E-03,-40.201005E-03,-40.201005E-03
+3.419400E-03,-20.100502E-03,-20.100502E-03
+3.421600E-03,-20.100502E-03,-40.201005E-03
+3.423800E-03,-40.201005E-03,-40.201005E-03
+3.426000E-03,-46.482412E-03,-32.663316E-03
+3.428200E-03,-52.763819E-03,-20.100502E-03
+3.430400E-03,-32.663316E-03,-20.100502E-03
+3.432600E-03,-32.663316E-03,+0.0E+00
+3.434800E-03,-40.201005E-03,-20.100502E-03
+3.437000E-03,-26.381909E-03,-12.562814E-03
+3.439200E-03,-32.663316E-03,-20.100502E-03
+3.441400E-03,-52.763819E-03,-20.100502E-03
+3.443600E-03,-32.663316E-03,-20.100502E-03
+3.445800E-03,-26.381909E-03,-32.663316E-03
+3.448000E-03,-46.482412E-03,-32.663316E-03
+3.450200E-03,-26.381909E-03,-40.201005E-03
+3.452400E-03,-32.663316E-03,-26.381909E-03
+3.454600E-03,-20.100502E-03,-40.201005E-03
+3.456800E-03,-40.201005E-03,+6.281407E-03
+3.459000E-03,-26.381909E-03,-20.100502E-03
+3.461200E-03,-52.763819E-03,-32.663316E-03
+3.463400E-03,-40.201005E-03,-40.201005E-03
+3.465600E-03,-46.482412E-03,-32.663316E-03
+3.467800E-03,-40.201005E-03,-20.100502E-03
+3.470000E-03,-46.482412E-03,-20.100502E-03
+3.472200E-03,-40.201005E-03,-40.201005E-03
+3.474400E-03,-40.201005E-03,-32.663316E-03
+3.476600E-03,-26.381909E-03,-32.663316E-03
+3.478800E-03,-52.763819E-03,-40.201005E-03
+3.481000E-03,-32.663316E-03,-26.381909E-03
+3.483200E-03,-40.201005E-03,-20.100502E-03
+3.485400E-03,-32.663316E-03,-26.381909E-03
+3.487600E-03,-52.763819E-03,-12.562814E-03
+3.489800E-03,-60.301507E-03,-32.663316E-03
+3.492000E-03,-6.281407E-03,-52.763819E-03
+3.494200E-03,-52.763819E-03,-20.100502E-03
+3.496400E-03,-46.482412E-03,-20.100502E-03
+3.498600E-03,-40.201005E-03,-20.100502E-03
+3.500800E-03,-12.562814E-03,-20.100502E-03
+3.503000E-03,-40.201005E-03,-20.100502E-03
+3.505200E-03,-52.763819E-03,-40.201005E-03
+3.507400E-03,-40.201005E-03,-32.663316E-03
+3.509600E-03,-26.381909E-03,-32.663316E-03
+3.511800E-03,-40.201005E-03,-26.381909E-03
+3.514000E-03,-32.663316E-03,-32.663316E-03
+3.516200E-03,-40.201005E-03,-40.201005E-03
+3.518400E-03,-20.100502E-03,-26.381909E-03
+3.520600E-03,-20.100502E-03,-26.381909E-03
+3.522800E-03,-26.381909E-03,-20.100502E-03
+3.525000E-03,-52.763819E-03,-20.100502E-03
+3.527200E-03,-40.201005E-03,-20.100502E-03
+3.529400E-03,-40.201005E-03,-26.381909E-03
+3.531600E-03,-26.381909E-03,-32.663316E-03
+3.533800E-03,-40.201005E-03,-26.381909E-03
+3.536000E-03,-20.100502E-03,-32.663316E-03
+3.538200E-03,-40.201005E-03,-40.201005E-03
+3.540400E-03,-40.201005E-03,-20.100502E-03
+3.542600E-03,-40.201005E-03,-32.663316E-03
+3.544800E-03,-40.201005E-03,-32.663316E-03
+3.547000E-03,-40.201005E-03,-32.663316E-03
+3.549200E-03,-40.201005E-03,-20.100502E-03
+3.551400E-03,-40.201005E-03,-20.100502E-03
+3.553600E-03,-46.482412E-03,-20.100502E-03
+3.555800E-03,-26.381909E-03,-32.663316E-03
+3.558000E-03,-40.201005E-03,-26.381909E-03
+3.560200E-03,-32.663316E-03,-20.100502E-03
+3.562400E-03,-20.100502E-03,-32.663316E-03
+3.564600E-03,-20.100502E-03,-20.100502E-03
+3.566800E-03,-26.381909E-03,-40.201005E-03
+3.569000E-03,-26.381909E-03,-26.381909E-03
+3.571200E-03,-32.663316E-03,-26.381909E-03
+3.573400E-03,-26.381909E-03,-32.663316E-03
+3.575600E-03,-52.763819E-03,-40.201005E-03
+3.577800E-03,-52.763819E-03,-20.100502E-03
+3.580000E-03,-40.201005E-03,-20.100502E-03
+3.582200E-03,-32.663316E-03,-26.381909E-03
+3.584400E-03,-32.663316E-03,-40.201005E-03
+3.586600E-03,-32.663316E-03,-20.100502E-03
+3.588800E-03,-32.663316E-03,-6.281407E-03
+3.591000E-03,-26.381909E-03,-20.100502E-03
+3.593200E-03,-46.482412E-03,-20.100502E-03
+3.595400E-03,-40.201005E-03,-46.482412E-03
+3.597600E-03,-20.100502E-03,-20.100502E-03
+3.599800E-03,-40.201005E-03,-32.663316E-03
+3.602000E-03,-40.201005E-03,-32.663316E-03
+3.604200E-03,-40.201005E-03,-20.100502E-03
+3.606400E-03,-40.201005E-03,-6.281407E-03
+3.608600E-03,-32.663316E-03,-20.100502E-03
+3.610800E-03,-52.763819E-03,-26.381909E-03
+3.613000E-03,-60.301507E-03,-20.100502E-03
+3.615200E-03,-32.663316E-03,-12.562814E-03
+3.617400E-03,-32.663316E-03,-40.201005E-03
+3.619600E-03,-32.663316E-03,-32.663316E-03
+3.621800E-03,-40.201005E-03,-40.201005E-03
+3.624000E-03,-52.763819E-03,-20.100502E-03
+3.626200E-03,-20.100502E-03,-20.100502E-03
+3.628400E-03,-20.100502E-03,-20.100502E-03
+3.630600E-03,-40.201005E-03,-26.381909E-03
+3.632800E-03,-26.381909E-03,-6.281407E-03
+3.635000E-03,-40.201005E-03,-40.201005E-03
+3.637200E-03,-26.381909E-03,-40.201005E-03
+3.639400E-03,-32.663316E-03,-40.201005E-03
+3.641600E-03,-6.281407E-03,-6.281407E-03
+3.643800E-03,-20.100502E-03,-32.663316E-03
+3.646000E-03,-26.381909E-03,-40.201005E-03
+3.648200E-03,-40.201005E-03,-32.663316E-03
+3.650400E-03,-40.201005E-03,-6.281407E-03
+3.652600E-03,-46.482412E-03,-20.100502E-03
+3.654800E-03,-26.381909E-03,-26.381909E-03
+3.657000E-03,-40.201005E-03,-32.663316E-03
+3.659200E-03,-40.201005E-03,-6.281407E-03
+3.661400E-03,-20.100502E-03,-20.100502E-03
+3.663600E-03,-32.663316E-03,-32.663316E-03
+3.665800E-03,-32.663316E-03,-20.100502E-03
+3.668000E-03,-20.100502E-03,-20.100502E-03
+3.670200E-03,-32.663316E-03,-6.281407E-03
+3.672400E-03,-40.201005E-03,-26.381909E-03
+3.674600E-03,-40.201005E-03,-20.100502E-03
+3.676800E-03,-32.663316E-03,-20.100502E-03
+3.679000E-03,-32.663316E-03,-32.663316E-03
+3.681200E-03,-32.663316E-03,-26.381909E-03
+3.683400E-03,-40.201005E-03,-6.281407E-03
+3.685600E-03,-20.100502E-03,-26.381909E-03
+3.687800E-03,-32.663316E-03,-20.100502E-03
+3.690000E-03,-26.381909E-03,-26.381909E-03
+3.692200E-03,-40.201005E-03,+0.0E+00
+3.694400E-03,-40.201005E-03,-26.381909E-03
+3.696600E-03,-40.201005E-03,-32.663316E-03
+3.698800E-03,-40.201005E-03,-40.201005E-03
+3.701000E-03,-26.381909E-03,-20.100502E-03
+3.703200E-03,-26.381909E-03,-6.281407E-03
+3.705400E-03,-40.201005E-03,-26.381909E-03
+3.707600E-03,-52.763819E-03,-20.100502E-03
+3.709800E-03,-26.381909E-03,-20.100502E-03
+3.712000E-03,-20.100502E-03,-40.201005E-03
+3.714200E-03,-12.562814E-03,-32.663316E-03
+3.716400E-03,-40.201005E-03,-20.100502E-03
+3.718600E-03,-52.763819E-03,-20.100502E-03
+3.720800E-03,-40.201005E-03,-32.663316E-03
+3.723000E-03,-26.381909E-03,-20.100502E-03
+3.725200E-03,-32.663316E-03,-20.100502E-03
+3.727400E-03,-40.201005E-03,-32.663316E-03
+3.729600E-03,-46.482412E-03,-26.381909E-03
+3.731800E-03,-40.201005E-03,-26.381909E-03
+3.734000E-03,-40.201005E-03,-20.100502E-03
+3.736200E-03,-32.663316E-03,-32.663316E-03
+3.738400E-03,-26.381909E-03,-12.562814E-03
+3.740600E-03,-46.482412E-03,-20.100502E-03
+3.742800E-03,-40.201005E-03,-32.663316E-03
+3.745000E-03,-40.201005E-03,-32.663316E-03
+3.747200E-03,-20.100502E-03,-20.100502E-03
+3.749400E-03,-40.201005E-03,-20.100502E-03
+3.751600E-03,-40.201005E-03,-20.100502E-03
+3.753800E-03,-20.100502E-03,-32.663316E-03
+3.756000E-03,-40.201005E-03,-20.100502E-03
+3.758200E-03,-40.201005E-03,-40.201005E-03
+3.760400E-03,-40.201005E-03,-20.100502E-03
+3.762600E-03,-46.482412E-03,-26.381909E-03
+3.764800E-03,-32.663316E-03,-20.100502E-03
+3.767000E-03,-46.482412E-03,-26.381909E-03
+3.769200E-03,-40.201005E-03,-20.100502E-03
+3.771400E-03,-32.663316E-03,-52.763819E-03
+3.773600E-03,-26.381909E-03,-12.562814E-03
+3.775800E-03,-46.482412E-03,-20.100502E-03
+3.778000E-03,-40.201005E-03,-12.562814E-03
+3.780200E-03,-32.663316E-03,-32.663316E-03
+3.782400E-03,-40.201005E-03,-32.663316E-03
+3.784600E-03,-32.663316E-03,-12.562814E-03
+3.786800E-03,-32.663316E-03,-20.100502E-03
+3.789000E-03,-20.100502E-03,-20.100502E-03
+3.791200E-03,-32.663316E-03,-32.663316E-03
+3.793400E-03,-12.562814E-03,-26.381909E-03
+3.795600E-03,-26.381909E-03,-20.100502E-03
+3.797800E-03,-20.100502E-03,-20.100502E-03
+3.800000E-03,-46.482412E-03,-20.100502E-03
+3.802200E-03,-40.201005E-03,-32.663316E-03
+3.804400E-03,-46.482412E-03,-40.201005E-03
+3.806600E-03,-26.381909E-03,-32.663316E-03
+3.808800E-03,-26.381909E-03,-40.201005E-03
+3.811000E-03,-40.201005E-03,-32.663316E-03
+3.813200E-03,-40.201005E-03,-12.562814E-03
+3.815400E-03,-46.482412E-03,-26.381909E-03
+3.817600E-03,-32.663316E-03,-20.100502E-03
+3.819800E-03,-12.562814E-03,-32.663316E-03
+3.822000E-03,-40.201005E-03,-20.100502E-03
+3.824200E-03,-60.301507E-03,-32.663316E-03
+3.826400E-03,-6.281407E-03,-20.100502E-03
+3.828600E-03,-26.381909E-03,-32.663316E-03
+3.830800E-03,-60.301507E-03,-40.201005E-03
+3.833000E-03,-46.482412E-03,-12.562814E-03
+3.835200E-03,-40.201005E-03,-20.100502E-03
+3.837400E-03,-40.201005E-03,-40.201005E-03
+3.839600E-03,-40.201005E-03,-40.201005E-03
+3.841800E-03,-40.201005E-03,-40.201005E-03
+3.844000E-03,-26.381909E-03,-26.381909E-03
+3.846200E-03,-40.201005E-03,-20.100502E-03
+3.848400E-03,-40.201005E-03,-20.100502E-03
+3.850600E-03,-40.201005E-03,-40.201005E-03
+3.852800E-03,-46.482412E-03,-32.663316E-03
+3.855000E-03,-12.562814E-03,-26.381909E-03
+3.857200E-03,-20.100502E-03,-26.381909E-03
+3.859400E-03,-26.381909E-03,-32.663316E-03
+3.861600E-03,-40.201005E-03,-20.100502E-03
+3.863800E-03,-20.100502E-03,-40.201005E-03
+3.866000E-03,-40.201005E-03,-20.100502E-03
+3.868200E-03,-40.201005E-03,-12.562814E-03
+3.870400E-03,-32.663316E-03,-20.100502E-03
+3.872600E-03,-12.562814E-03,-40.201005E-03
+3.874800E-03,-26.381909E-03,-40.201005E-03
+3.877000E-03,-52.763819E-03,-40.201005E-03
+3.879200E-03,-32.663316E-03,-40.201005E-03
+3.881400E-03,-12.562814E-03,-20.100502E-03
+3.883600E-03,-20.100502E-03,-26.381909E-03
+3.885800E-03,-46.482412E-03,-20.100502E-03
+3.888000E-03,-40.201005E-03,-20.100502E-03
+3.890200E-03,-32.663316E-03,-20.100502E-03
+3.892400E-03,-32.663316E-03,-26.381909E-03
+3.894600E-03,-32.663316E-03,-32.663316E-03
+3.896800E-03,-32.663316E-03,-20.100502E-03
+3.899000E-03,-12.562814E-03,-32.663316E-03
+3.901200E-03,-40.201005E-03,-20.100502E-03
+3.903400E-03,-32.663316E-03,-20.100502E-03
+3.905600E-03,-26.381909E-03,-26.381909E-03
+3.907800E-03,-32.663316E-03,-32.663316E-03
+3.910000E-03,-52.763819E-03,-40.201005E-03
+3.912200E-03,-40.201005E-03,-20.100502E-03
+3.914400E-03,-46.482412E-03,-20.100502E-03
+3.916600E-03,-26.381909E-03,-40.201005E-03
+3.918800E-03,-40.201005E-03,-6.281407E-03
+3.921000E-03,-40.201005E-03,+0.0E+00
+3.923200E-03,-26.381909E-03,-26.381909E-03
+3.925400E-03,-32.663316E-03,-20.100502E-03
+3.927600E-03,-40.201005E-03,-20.100502E-03
+3.929800E-03,-60.301507E-03,-26.381909E-03
+3.932000E-03,-20.100502E-03,-20.100502E-03
+3.934200E-03,-26.381909E-03,-20.100502E-03
+3.936400E-03,-26.381909E-03,-40.201005E-03
+3.938600E-03,-40.201005E-03,-32.663316E-03
+3.940800E-03,-40.201005E-03,-40.201005E-03
+3.943000E-03,-46.482412E-03,-20.100502E-03
+3.945200E-03,-26.381909E-03,-20.100502E-03
+3.947400E-03,-40.201005E-03,-26.381909E-03
+3.949600E-03,-40.201005E-03,-20.100502E-03
+3.951800E-03,-6.281407E-03,-26.381909E-03
+3.954000E-03,-52.763819E-03,-20.100502E-03
+3.956200E-03,-26.381909E-03,-26.381909E-03
+3.958400E-03,-26.381909E-03,-12.562814E-03
+3.960600E-03,-26.381909E-03,-12.562814E-03
+3.962800E-03,-26.381909E-03,-32.663316E-03
+3.965000E-03,-40.201005E-03,-20.100502E-03
+3.967200E-03,-52.763819E-03,-20.100502E-03
+3.969400E-03,-32.663316E-03,-6.281407E-03
+3.971600E-03,-26.381909E-03,-20.100502E-03
+3.973800E-03,-40.201005E-03,-20.100502E-03
+3.976000E-03,-40.201005E-03,-46.482412E-03
+3.978200E-03,-40.201005E-03,-20.100502E-03
+3.980400E-03,-40.201005E-03,-6.281407E-03
+3.982600E-03,-32.663316E-03,-20.100502E-03
+3.984800E-03,-32.663316E-03,-20.100502E-03
+3.987000E-03,-46.482412E-03,-12.562814E-03
+3.989200E-03,-46.482412E-03,-20.100502E-03
+3.991400E-03,-32.663316E-03,-20.100502E-03
+3.993600E-03,-40.201005E-03,-32.663316E-03
+3.995800E-03,-20.100502E-03,-12.562814E-03
+3.998000E-03,-40.201005E-03,-20.100502E-03
+4.000200E-03,-26.381909E-03,-32.663316E-03
+4.002400E-03,-20.100502E-03,-12.562814E-03
+4.004600E-03,-40.201005E-03,-32.663316E-03
+4.006800E-03,-40.201005E-03,-32.663316E-03
+4.009000E-03,-12.562814E-03,-20.100502E-03
+4.011200E-03,-40.201005E-03,-32.663316E-03
+4.013400E-03,-26.381909E-03,-26.381909E-03
+4.015600E-03,-46.482412E-03,-26.381909E-03
+4.017800E-03,-20.100502E-03,-32.663316E-03
+4.020000E-03,-40.201005E-03,-26.381909E-03
+4.022200E-03,-46.482412E-03,-20.100502E-03
+4.024400E-03,-26.381909E-03,-32.663316E-03
+4.026600E-03,-20.100502E-03,-32.663316E-03
+4.028800E-03,-40.201005E-03,-20.100502E-03
+4.031000E-03,-26.381909E-03,-40.201005E-03
+4.033200E-03,-46.482412E-03,-20.100502E-03
+4.035400E-03,-40.201005E-03,-12.562814E-03
+4.037600E-03,-12.562814E-03,-32.663316E-03
+4.039800E-03,-12.562814E-03,-26.381909E-03
+4.042000E-03,-26.381909E-03,-40.201005E-03
+4.044200E-03,-20.100502E-03,-20.100502E-03
+4.046400E-03,-40.201005E-03,-6.281407E-03
+4.048600E-03,-26.381909E-03,-20.100502E-03
+4.050800E-03,-46.482412E-03,-32.663316E-03
+4.053000E-03,-20.100502E-03,-32.663316E-03
+4.055200E-03,-32.663316E-03,-12.562814E-03
+4.057400E-03,-40.201005E-03,-26.381909E-03
+4.059600E-03,-40.201005E-03,-6.281407E-03
+4.061800E-03,-32.663316E-03,-20.100502E-03
+4.064000E-03,-40.201005E-03,-32.663316E-03
+4.066200E-03,-40.201005E-03,-32.663316E-03
+4.068400E-03,-40.201005E-03,-26.381909E-03
+4.070600E-03,-40.201005E-03,-12.562814E-03
+4.072800E-03,-40.201005E-03,-6.281407E-03
+4.075000E-03,-52.763819E-03,-26.381909E-03
+4.077200E-03,-20.100502E-03,-20.100502E-03
+4.079400E-03,-32.663316E-03,-20.100502E-03
+4.081600E-03,-20.100502E-03,-40.201005E-03
+4.083800E-03,-32.663316E-03,-20.100502E-03
+4.086000E-03,-20.100502E-03,-12.562814E-03
+4.088200E-03,-26.381909E-03,-20.100502E-03
+4.090400E-03,-46.482412E-03,-26.381909E-03
+4.092600E-03,-20.100502E-03,-32.663316E-03
+4.094800E-03,-46.482412E-03,-12.562814E-03
+4.097000E-03,-26.381909E-03,-20.100502E-03
+4.099200E-03,-32.663316E-03,-40.201005E-03
+4.101400E-03,-40.201005E-03,-6.281407E-03
+4.103600E-03,-40.201005E-03,-40.201005E-03
+4.105800E-03,-32.663316E-03,-40.201005E-03
+4.108000E-03,-40.201005E-03,-40.201005E-03
+4.110200E-03,-46.482412E-03,-20.100502E-03
+4.112400E-03,-32.663316E-03,-20.100502E-03
+4.114600E-03,-40.201005E-03,-32.663316E-03
+4.116800E-03,-40.201005E-03,-26.381909E-03
+4.119000E-03,-26.381909E-03,-26.381909E-03
+4.121200E-03,-32.663316E-03,-20.100502E-03
+4.123400E-03,-40.201005E-03,-40.201005E-03
+4.125600E-03,-52.763819E-03,-20.100502E-03
+4.127800E-03,-40.201005E-03,-20.100502E-03
+4.130000E-03,-12.562814E-03,-20.100502E-03
+4.132200E-03,-40.201005E-03,-12.562814E-03
+4.134400E-03,-46.482412E-03,-20.100502E-03
+4.136600E-03,-46.482412E-03,-20.100502E-03
+4.138800E-03,-32.663316E-03,-40.201005E-03
+4.141000E-03,-40.201005E-03,-32.663316E-03
+4.143200E-03,-40.201005E-03,-20.100502E-03
+4.145400E-03,-40.201005E-03,-40.201005E-03
+4.147600E-03,-26.381909E-03,-26.381909E-03
+4.149800E-03,-52.763819E-03,-6.281407E-03
+4.152000E-03,-40.201005E-03,-20.100502E-03
+4.154200E-03,-46.482412E-03,-40.201005E-03
+4.156400E-03,-40.201005E-03,-26.381909E-03
+4.158600E-03,-26.381909E-03,-6.281407E-03
+4.160800E-03,-32.663316E-03,-32.663316E-03
+4.163000E-03,-20.100502E-03,-6.281407E-03
+4.165200E-03,-46.482412E-03,-20.100502E-03
+4.167400E-03,-20.100502E-03,-20.100502E-03
+4.169600E-03,-32.663316E-03,-32.663316E-03
+4.171800E-03,-40.201005E-03,-40.201005E-03
+4.174000E-03,-40.201005E-03,-20.100502E-03
+4.176200E-03,-40.201005E-03,-20.100502E-03
+4.178400E-03,-40.201005E-03,-20.100502E-03
+4.180600E-03,-40.201005E-03,-20.100502E-03
+4.182800E-03,-32.663316E-03,-52.763819E-03
+4.185000E-03,-12.562814E-03,-20.100502E-03
+4.187200E-03,-32.663316E-03,-26.381909E-03
+4.189400E-03,-46.482412E-03,-40.201005E-03
+4.191600E-03,-40.201005E-03,-20.100502E-03
+4.193800E-03,-40.201005E-03,-20.100502E-03
+4.196000E-03,-26.381909E-03,-32.663316E-03
+4.198200E-03,-46.482412E-03,-40.201005E-03
+4.200400E-03,-32.663316E-03,-32.663316E-03
+4.202600E-03,-20.100502E-03,-20.100502E-03
+4.204800E-03,-40.201005E-03,-40.201005E-03
+4.207000E-03,-20.100502E-03,-32.663316E-03
+4.209200E-03,-40.201005E-03,-40.201005E-03
+4.211400E-03,-32.663316E-03,-40.201005E-03
+4.213600E-03,-40.201005E-03,-20.100502E-03
+4.215800E-03,-32.663316E-03,-40.201005E-03
+4.218000E-03,-26.381909E-03,-20.100502E-03
+4.220200E-03,-26.381909E-03,-20.100502E-03
+4.222400E-03,-26.381909E-03,-26.381909E-03
+4.224600E-03,-40.201005E-03,-26.381909E-03
+4.226800E-03,-26.381909E-03,-26.381909E-03
+4.229000E-03,-60.301507E-03,-26.381909E-03
+4.231200E-03,-52.763819E-03,-20.100502E-03
+4.233400E-03,-26.381909E-03,-20.100502E-03
+4.235600E-03,-20.100502E-03,-20.100502E-03
+4.237800E-03,-26.381909E-03,-20.100502E-03
+4.240000E-03,-60.301507E-03,-32.663316E-03
+4.242200E-03,-32.663316E-03,-40.201005E-03
+4.244400E-03,-32.663316E-03,-32.663316E-03
+4.246600E-03,-6.281407E-03,-40.201005E-03
+4.248800E-03,-20.100502E-03,-20.100502E-03
+4.251000E-03,-32.663316E-03,-20.100502E-03
+4.253200E-03,-40.201005E-03,-20.100502E-03
+4.255400E-03,-32.663316E-03,-20.100502E-03
+4.257600E-03,-40.201005E-03,-6.281407E-03
+4.259800E-03,-40.201005E-03,-26.381909E-03
+4.262000E-03,-52.763819E-03,-12.562814E-03
+4.264200E-03,-32.663316E-03,-20.100502E-03
+4.266400E-03,-46.482412E-03,-20.100502E-03
+4.268600E-03,-26.381909E-03,-20.100502E-03
+4.270800E-03,-40.201005E-03,-20.100502E-03
+4.273000E-03,-46.482412E-03,-32.663316E-03
+4.275200E-03,-46.482412E-03,-40.201005E-03
+4.277400E-03,-40.201005E-03,-32.663316E-03
+4.279600E-03,-40.201005E-03,-20.100502E-03
+4.281800E-03,-40.201005E-03,-20.100502E-03
+4.284000E-03,-40.201005E-03,-20.100502E-03
+4.286200E-03,-40.201005E-03,-20.100502E-03
+4.288400E-03,-20.100502E-03,-32.663316E-03
+4.290600E-03,-32.663316E-03,-32.663316E-03
+4.292800E-03,-32.663316E-03,-12.562814E-03
+4.295000E-03,-32.663316E-03,-26.381909E-03
+4.297200E-03,-26.381909E-03,-26.381909E-03
+4.299400E-03,-46.482412E-03,-32.663316E-03
+4.301600E-03,-32.663316E-03,-12.562814E-03
+4.303800E-03,-52.763819E-03,-12.562814E-03
+4.306000E-03,-40.201005E-03,-20.100502E-03
+4.308200E-03,-26.381909E-03,-32.663316E-03
+4.310400E-03,-26.381909E-03,-32.663316E-03
+4.312600E-03,-20.100502E-03,-26.381909E-03
+4.314800E-03,-32.663316E-03,-32.663316E-03
+4.317000E-03,-20.100502E-03,-40.201005E-03
+4.319200E-03,-40.201005E-03,-26.381909E-03
+4.321400E-03,-46.482412E-03,-32.663316E-03
+4.323600E-03,-26.381909E-03,-32.663316E-03
+4.325800E-03,-20.100502E-03,-20.100502E-03
+4.328000E-03,-32.663316E-03,-6.281407E-03
+4.330200E-03,-20.100502E-03,-32.663316E-03
+4.332400E-03,-26.381909E-03,-32.663316E-03
+4.334600E-03,-20.100502E-03,-6.281407E-03
+4.336800E-03,-32.663316E-03,-40.201005E-03
+4.339000E-03,-20.100502E-03,-26.381909E-03
+4.341200E-03,-32.663316E-03,-32.663316E-03
+4.343400E-03,-40.201005E-03,-26.381909E-03
+4.345600E-03,-46.482412E-03,-20.100502E-03
+4.347800E-03,-32.663316E-03,-20.100502E-03
+4.350000E-03,-26.381909E-03,-20.100502E-03
+4.352200E-03,-20.100502E-03,-20.100502E-03
+4.354400E-03,-20.100502E-03,-6.281407E-03
+4.356600E-03,-26.381909E-03,-20.100502E-03
+4.358800E-03,-26.381909E-03,-40.201005E-03
+4.361000E-03,-40.201005E-03,-40.201005E-03
+4.363200E-03,-20.100502E-03,-32.663316E-03
+4.365400E-03,-26.381909E-03,-20.100502E-03
+4.367600E-03,-26.381909E-03,-20.100502E-03
+4.369800E-03,-20.100502E-03,-32.663316E-03
+4.372000E-03,-40.201005E-03,-20.100502E-03
+4.374200E-03,-40.201005E-03,-20.100502E-03
+4.376400E-03,-20.100502E-03,-32.663316E-03
+4.378600E-03,-6.281407E-03,-26.381909E-03
+4.380800E-03,-40.201005E-03,-40.201005E-03
+4.383000E-03,-40.201005E-03,-20.100502E-03
+4.385200E-03,-52.763819E-03,-26.381909E-03
+4.387400E-03,-26.381909E-03,-26.381909E-03
+4.389600E-03,-20.100502E-03,-20.100502E-03
+4.391800E-03,-32.663316E-03,-40.201005E-03
+4.394000E-03,-32.663316E-03,-32.663316E-03
+4.396200E-03,-32.663316E-03,-26.381909E-03
+4.398400E-03,-32.663316E-03,-20.100502E-03
+4.400600E-03,-20.100502E-03,-6.281407E-03
+4.402800E-03,-40.201005E-03,-20.100502E-03
+4.405000E-03,-20.100502E-03,-32.663316E-03
+4.407200E-03,-20.100502E-03,-20.100502E-03
+4.409400E-03,-12.562814E-03,-32.663316E-03
+4.411600E-03,-40.201005E-03,-20.100502E-03
+4.413800E-03,-40.201005E-03,-32.663316E-03
+4.416000E-03,-20.100502E-03,-40.201005E-03
+4.418200E-03,-26.381909E-03,-32.663316E-03
+4.420400E-03,-40.201005E-03,-20.100502E-03
+4.422600E-03,-32.663316E-03,-12.562814E-03
+4.424800E-03,-46.482412E-03,-26.381909E-03
+4.427000E-03,-40.201005E-03,-20.100502E-03
+4.429200E-03,-52.763819E-03,-32.663316E-03
+4.431400E-03,-40.201005E-03,-32.663316E-03
+4.433600E-03,-46.482412E-03,-40.201005E-03
+4.435800E-03,-40.201005E-03,-6.281407E-03
+4.438000E-03,-46.482412E-03,-32.663316E-03
+4.440200E-03,-40.201005E-03,-20.100502E-03
+4.442400E-03,-52.763819E-03,-26.381909E-03
+4.444600E-03,-40.201005E-03,-20.100502E-03
+4.446800E-03,-40.201005E-03,-20.100502E-03
+4.449000E-03,-40.201005E-03,-12.562814E-03
+4.451200E-03,-40.201005E-03,-40.201005E-03
+4.453400E-03,-40.201005E-03,-20.100502E-03
+4.455600E-03,-40.201005E-03,-20.100502E-03
+4.457800E-03,-40.201005E-03,-26.381909E-03
+4.460000E-03,-20.100502E-03,-20.100502E-03
+4.462200E-03,-26.381909E-03,-12.562814E-03
+4.464400E-03,-40.201005E-03,-12.562814E-03
+4.466600E-03,-40.201005E-03,-20.100502E-03
+4.468800E-03,-40.201005E-03,-20.100502E-03
+4.471000E-03,-26.381909E-03,-12.562814E-03
+4.473200E-03,-20.100502E-03,-32.663316E-03
+4.475400E-03,-40.201005E-03,-20.100502E-03
+4.477600E-03,-20.100502E-03,-20.100502E-03
+4.479800E-03,-52.763819E-03,-40.201005E-03
+4.482000E-03,-26.381909E-03,-26.381909E-03
+4.484200E-03,-52.763819E-03,-32.663316E-03
+4.486400E-03,-32.663316E-03,-20.100502E-03
+4.488600E-03,-26.381909E-03,-20.100502E-03
+4.490800E-03,-40.201005E-03,-20.100502E-03
+4.493000E-03,-20.100502E-03,-40.201005E-03
+4.495200E-03,-32.663316E-03,-32.663316E-03
+4.497400E-03,-20.100502E-03,-26.381909E-03
+4.499600E-03,-20.100502E-03,-26.381909E-03
+4.501800E-03,-20.100502E-03,-32.663316E-03
+4.504000E-03,-26.381909E-03,+0.0E+00
+4.506200E-03,-40.201005E-03,-12.562814E-03
+4.508400E-03,-52.763819E-03,-32.663316E-03
+4.510600E-03,-52.763819E-03,-26.381909E-03
+4.512800E-03,-40.201005E-03,-40.201005E-03
+4.515000E-03,-46.482412E-03,-26.381909E-03
+4.517200E-03,-60.301507E-03,-20.100502E-03
+4.519400E-03,-20.100502E-03,-26.381909E-03
+4.521600E-03,-26.381909E-03,-20.100502E-03
+4.523800E-03,-20.100502E-03,-26.381909E-03
+4.526000E-03,-40.201005E-03,-40.201005E-03
+4.528200E-03,-32.663316E-03,-20.100502E-03
+4.530400E-03,-40.201005E-03,-20.100502E-03
+4.532600E-03,-26.381909E-03,-20.100502E-03
+4.534800E-03,-46.482412E-03,-20.100502E-03
+4.537000E-03,-32.663316E-03,-46.482412E-03
+4.539200E-03,-12.562814E-03,-20.100502E-03
+4.541400E-03,-40.201005E-03,-40.201005E-03
+4.543600E-03,-32.663316E-03,-40.201005E-03
+4.545800E-03,-40.201005E-03,-6.281407E-03
+4.548000E-03,-40.201005E-03,-40.201005E-03
+4.550200E-03,-60.301507E-03,-32.663316E-03
+4.552400E-03,-40.201005E-03,-20.100502E-03
+4.554600E-03,-52.763819E-03,-26.381909E-03
+4.556800E-03,-20.100502E-03,-20.100502E-03
+4.559000E-03,-40.201005E-03,-20.100502E-03
+4.561200E-03,-32.663316E-03,-12.562814E-03
+4.563400E-03,-52.763819E-03,-32.663316E-03
+4.565600E-03,-52.763819E-03,-40.201005E-03
+4.567800E-03,-40.201005E-03,-40.201005E-03
