second,Volt
-1.818,-0.015578
-1.8155,0.007538
-1.813,0
-1.8105,-0.015578
-1.808,-0.00804
-1.8055,-0.00804
-1.803,-0.00804
-1.8005,0
-1.798,0
-1.7955,-0.015578
-1.793,-0.007538
-1.7905,0.007538
-1.788,-0.007538
-1.7855,0
-1.783,-0.015578
-1.7805,0
-1.778,-0.015578
-1.7755,0
-1.773,0
-1.7705,-0.00804
-1.768,0.007538
-1.7655,0
-1.763,0
-1.7605,-0.007538
-1.758,-0.01608
-1.7555,0
-1.753,-0.007538
-1.7505,-0.00804
-1.748,-0.015578
-1.7455,-0.00804
-1.743,-0.00804
-1.7405,-0.007538
-1.738,0.00804
-1.7355,0
-1.733,-0.023618
-1.7305,0
-1.728,0
-1.7255,-0.015578
-1.723,0
-1.7205,-0.015578
-1.718,-0.00804
-1.7155,-0.015578
-1.713,-0.00804
-1.7105,0.007538
-1.708,-0.00804
-1.7055,-0.015578
-1.703,0.007538
-1.7005,-0.00804
-1.698,-0.015578
-1.6955,0
-1.693,-0.007538
-1.6905,-0.01608
-1.688,-0.00804
-1.6855,0
-1.683,-0.015578
-1.6805,0.007538
-1.678,-0.00804
-1.6755,-0.007538
-1.673,-0.007538
-1.6705,0
-1.668,0
-1.6655,-0.024121
-1.663,0
-1.6605,0.007538
-1.658,0
-1.6555,-0.00804
-1.653,-0.00804
-1.6505,-0.00804
-1.648,-0.007538
-1.6455,0
-1.643,-0.00804
-1.6405,0
-1.638,0
-1.6355,-0.015578
-1.633,0
-1.6305,-0.00804
-1.628,-0.015578
-1.6255,0
-1.623,-0.01608
-1.6205,-0.00804
-1.618,-0.015578
-1.6155,-0.00804
-1.613,0.007538
-1.6105,0.00804
-1.608,0
-1.6055,-0.007538
-1.603,0.007538
-1.6005,0
-1.598,-0.007538
-1.5955,-0.00804
-1.593,0
-1.5905,-0.007538
-1.588,-0.007538
-1.5855,0
-1.583,0
-1.5805,0
-1.578,-0.00804
-1.5755,-0.00804
-1.573,-0.00804
-1.5705,-0.015578
-1.568,-0.007538
-1.5655,0
-1.563,0
-1.5605,0
-1.558,-0.015578
-1.5555,-0.007538
-1.553,0
-1.5505,-0.015578
-1.548,-0.007538
-1.5455,-0.015578
-1.543,-0.00804
-1.5405,-0.007538
-1.538,0.007538
-1.5355,-0.00804
-1.533,-0.015578
-1.5305,0
-1.528,0.007538
-1.5255,0.00804
-1.523,0
-1.5205,-0.007538
-1.518,-0.00804
-1.5155,-0.031658
-1.513,-0.00804
-1.5105,-0.015578
-1.508,-0.00804
-1.5055,-0.015578
-1.503,0
-1.5005,-0.01608
-1.498,0
-1.4955,-0.015578
-1.493,-0.007538
-1.4905,-0.007538
-1.488,-0.015578
-1.4855,0.007538
-1.483,-0.00804
-1.4805,0
-1.478,-0.007538
-1.4755,-0.015578
-1.473,-0.01608
-1.4705,0
-1.468,0.007538
-1.4655,-0.015578
-1.463,-0.00804
-1.4605,0
-1.458,-0.024121
-1.4555,-0.007538
-1.453,-0.00804
-1.4505,0.007538
-1.448,0
-1.4455,-0.00804
-1.443,-0.007538
-1.4405,0.007538
-1.438,0.007538
-1.4355,0
-1.433,-0.00804
-1.4305,-0.007538
-1.428,0
-1.4255,-0.01608
-1.423,-0.00804
-1.4205,0.007538
-1.418,-0.015578
-1.4155,0.007538
-1.413,-0.01608
-1.4105,-0.031658
-1.408,-0.015578
-1.4055,-0.007538
-1.403,-0.015578
-1.4005,0
-1.398,-0.007538
-1.3955,0
-1.393,-0.00804
-1.3905,0
-1.388,-0.007538
-1.3855,0
-1.383,-0.007538
-1.3805,0
-1.378,-0.015578
-1.3755,0.007538
-1.373,0
-1.3705,-0.00804
-1.368,-0.00804
-1.3655,0
-1.363,-0.024121
-1.3605,0.007538
-1.358,-0.00804
-1.3555,0
-1.353,0
-1.3505,-0.007538
-1.348,0
-1.3455,0
-1.343,0
-1.3405,0.007538
-1.338,0
-1.3355,0
-1.333,0
-1.3305,0
-1.328,-0.00804
-1.3255,0
-1.323,-0.007538
-1.3205,-0.00804
-1.318,-0.01608
-1.3155,0.007538
-1.313,0
-1.3105,-0.015578
-1.308,0.007538
-1.3055,0
-1.303,0
-1.3005,-0.00804
-1.298,-0.007538
-1.2955,0.007538
-1.293,0
-1.2905,0.007538
-1.288,-0.015578
-1.2855,0
-1.283,-0.015578
-1.2805,-0.00804
-1.278,0
-1.2755,-0.007538
-1.273,0
-1.2705,-0.015578
-1.268,0
-1.2655,-0.015578
-1.263,0
-1.2605,-0.00804
-1.258,-0.015578
-1.2555,0.007538
-1.253,-0.007538
-1.2505,0.007538
-1.248,-0.00804
-1.2455,0
-1.243,-0.023618
-1.2405,0
-1.238,-0.023618
-1.2355,-0.007538
-1.233,-0.007538
-1.2305,-0.00804
-1.228,0
-1.2255,0
-1.223,0
-1.2205,-0.00804
-1.218,-0.007538
-1.2155,-0.015578
-1.213,0.007538
-1.2105,-0.007538
-1.208,0
-1.2055,-0.00804
-1.203,-0.00804
-1.2005,0
-1.198,-0.015578
-1.1955,-0.007538
-1.193,-0.015578
-1.1905,-0.007538
-1.188,0
-1.1855,0.007538
-1.183,0.007538
-1.1805,-0.00804
-1.178,-0.007538
-1.1755,-0.015578
-1.173,0
-1.1705,-0.00804
-1.168,0
-1.1655,0
-1.163,-0.007538
-1.1605,0
-1.158,-0.015578
-1.1555,0
-1.153,0
-1.1505,0
-1.148,0
-1.1455,0
-1.143,0
-1.1405,0
-1.138,0.007538
-1.1355,0
-1.133,-0.015578
-1.1305,-0.00804
-1.128,-0.015578
-1.1255,0.007538
-1.123,0
-1.1205,-0.00804
-1.118,0.007538
-1.1155,0
-1.113,0
-1.1105,-0.007538
-1.108,-0.007538
-1.1055,0.007538
-1.103,-0.023618
-1.1005,0
-1.098,-0.023618
-1.0955,0.015578
-1.093,0.007538
-1.0905,-0.023618
-1.088,0
-1.0855,-0.015578
-1.083,0
-1.0805,-0.00804
-1.078,-0.007538
-1.0755,0
-1.073,-0.023618
-1.0705,-0.015578
-1.068,0.007538
-1.0655,0
-1.063,-0.00804
-1.0605,0
-1.058,-0.00804
-1.0555,-0.01608
-1.053,0.007538
-1.0505,-0.00804
-1.048,-0.00804
-1.0455,-0.007538
-1.043,-0.00804
-1.0405,0
-1.038,-0.00804
-1.0355,-0.007538
-1.033,-0.007538
-1.0305,0
-1.028,0
-1.0255,-0.007538
-1.023,0
-1.0205,0.007538
-1.018,-0.007538
-1.0155,0
-1.013,-0.00804
-1.0105,-0.00804
-1.008,0
-1.0055,0
-1.003,0
-1.0005,-0.007538
-0.998,-0.007538
-0.9955,0
-0.993,0
-0.9905,0
-0.988,-0.00804
-0.9855,0.007538
-0.983,-0.00804
-0.9805,-0.015578
-0.978,0
-0.9755,0
-0.973,0
-0.9705,-0.007538
-0.968,0
-0.9655,-0.01608
-0.963,-0.015578
-0.9605,-0.007538
-0.958,-0.015578
-0.9555,-0.015578
-0.953,-0.00804
-0.9505,-0.00804
-0.948,-0.015578
-0.9455,0
-0.943,0
-0.9405,-0.00804
-0.938,0
-0.9355,-0.007538
-0.933,0
-0.9305,0.007538
-0.928,0.007538
-0.9255,-0.007538
-0.923,-0.023618
-0.9205,-0.007538
-0.918,0.00804
-0.9155,-0.015578
-0.913,-0.00804
-0.9105,0.00804
-0.908,0
-0.9055,-0.00804
-0.903,0
-0.9005,-0.007538
-0.898,0
-0.8955,0
-0.893,0
-0.8905,0
-0.888,-0.007538
-0.8855,-0.015578
-0.883,-0.007538
-0.8805,-0.00804
-0.878,0
-0.8755,-0.007538
-0.873,-0.015578
-0.8705,-0.00804
-0.868,-0.007538
-0.8655,0
-0.863,0
-0.8605,0
-0.858,0.007538
-0.8555,-0.00804
-0.853,-0.007538
-0.8505,-0.023618
-0.848,-0.00804
-0.8455,0
-0.843,-0.007538
-0.8405,0
-0.838,0
-0.8355,-0.007538
-0.833,-0.007538
-0.8305,0
-0.828,0
-0.8255,-0.023618
-0.823,-0.023618
-0.8205,-0.007538
-0.818,0
-0.8155,-0.015578
-0.813,0.007538
-0.8105,-0.00804
-0.808,0
-0.8055,0
-0.803,0
-0.8005,-0.015578
-0.798,0
-0.7955,0
-0.793,-0.023618
-0.7905,-0.007538
-0.788,0.015578
-0.7855,-0.00804
-0.783,0
-0.7805,0
-0.778,0.00804
-0.7755,0.007538
-0.773,-0.00804
-0.7705,-0.007538
-0.768,0
-0.7655,-0.015578
-0.763,0
-0.7605,-0.023618
-0.758,-0.015578
-0.7555,-0.015578
-0.753,0
-0.7505,-0.015578
-0.748,0
-0.7455,0
-0.743,0.007538
-0.7405,0
-0.738,0
-0.7355,-0.015578
-0.733,0
-0.7305,-0.023618
-0.728,0
-0.7255,0.007538
-0.723,0
-0.7205,-0.023618
-0.718,-0.015578
-0.7155,0
-0.713,-0.015578
-0.7105,0
-0.708,-0.015578
-0.7055,-0.007538
-0.703,-0.00804
-0.7005,0
-0.698,-0.007538
-0.6955,0.015578
-0.693,0
-0.6905,0
-0.688,0.007538
-0.6855,0.007538
-0.683,-0.007538
-0.6805,-0.007538
-0.678,0
-0.6755,0
-0.673,-0.023618
-0.6705,0
-0.668,-0.007538
-0.6655,-0.023618
-0.663,-0.015578
-0.6605,0.007538
-0.658,0
-0.6555,-0.007538
-0.653,-0.015578
-0.6505,-0.00804
-0.648,-0.00804
-0.6455,-0.015578
-0.643,0
-0.6405,-0.00804
-0.638,0
-0.6355,-0.015578
-0.633,0
-0.6305,-0.00804
-0.628,0.007538
-0.6255,-0.00804
-0.623,-0.015578
-0.6205,-0.00804
-0.618,0
-0.6155,-0.007538
-0.613,0
-0.6105,-0.00804
-0.608,0.007538
-0.6055,-0.007538
-0.603,-0.00804
-0.6005,-0.01608
-0.598,-0.007538
-0.5955,-0.023618
-0.593,0
-0.5905,0.007538
-0.588,-0.00804
-0.5855,0
-0.583,-0.00804
-0.5805,-0.007538
-0.578,0.007538
-0.5755,0
-0.573,-0.007538
-0.5705,0
-0.568,0
-0.5655,0
-0.563,-0.00804
-0.5605,-0.00804
-0.558,0
-0.5555,-0.007538
-0.553,-0.007538
-0.5505,-0.015578
-0.548,0
-0.5455,-0.01608
-0.543,-0.00804
-0.5405,-0.00804
-0.538,0
-0.5355,-0.01608
-0.533,-0.007538
-0.5305,-0.015578
-0.528,-0.015578
-0.5255,0
-0.523,-0.007538
-0.5205,-0.023618
-0.518,0.007538
-0.5155,0
-0.513,-0.007538
-0.5105,0
-0.508,0
-0.5055,0
-0.503,0.00804
-0.5005,-0.00804
-0.498,0
-0.4955,-0.00804
-0.493,-0.00804
-0.4905,-0.023618
-0.488,0.00804
-0.4855,0
-0.483,0.007538
-0.4805,0
-0.478,0
-0.4755,-0.023618
-0.473,-0.007538
-0.4705,-0.007538
-0.468,0
-0.4655,0.007538
-0.463,0
-0.4605,0
-0.458,0
-0.4555,-0.00804
-0.453,0
-0.4505,0
-0.448,0
-0.4455,0
-0.443,-0.00804
-0.4405,-0.007538
-0.438,-0.00804
-0.4355,0.007538
-0.433,0
-0.4305,0
-0.428,-0.00804
-0.4255,-0.015578
-0.423,-0.00804
-0.4205,-0.007538
-0.418,0
-0.4155,-0.015578
-0.413,0
-0.4105,-0.007538
-0.408,0.007538
-0.4055,0
-0.403,0
-0.4005,-0.00804
-0.398,-0.015578
-0.3955,-0.007538
-0.393,0.007538
-0.3905,-0.00804
-0.388,0.007538
-0.3855,0
-0.383,-0.00804
-0.3805,-0.015578
-0.378,0
-0.3755,0
-0.373,-0.023618
-0.3705,0
-0.368,-0.007538
-0.3655,0
-0.363,-0.007538
-0.3605,0.007538
-0.358,-0.015578
-0.3555,-0.015578
-0.353,-0.007538
-0.3505,0.007538
-0.348,-0.01608
-0.3455,-0.00804
-0.343,0.007538
-0.3405,0
-0.338,-0.00804
-0.3355,-0.00804
-0.333,-0.00804
-0.3305,0
-0.328,0
-0.3255,-0.00804
-0.323,-0.00804
-0.3205,0
-0.318,0
-0.3155,-0.007538
-0.313,0
-0.3105,-0.00804
-0.308,-0.015578
-0.3055,0.007538
-0.303,0
-0.3005,-0.392965
-0.298,0.152261
-0.2955,0.047739
-0.293,-0.071859
-0.2905,0.055779
-0.288,-0.063819
-0.2855,0.064322
-0.283,0.128141
-0.2805,-0.610553
-0.278,0.369347
-0.2755,-0.152764
-0.273,-0.10402
-0.2705,0.031658
-0.268,-0.080402
-0.2655,0.024121
-0.263,0.144221
-0.2605,-0.176382
-0.258,0
-0.2555,0.345226
-0.253,-0.144221
-0.2505,0.09598
-0.248,-0.01608
-0.2455,-0.039698
-0.243,0.063819
-0.2405,-0.00804
-0.238,0.256784
-0.2355,0.554271
-0.233,-0.184925
-0.2305,0.160302
-0.228,0.023618
-0.2255,-0.063819
-0.223,0.047739
-0.2205,-0.071859
-0.218,0.064322
-0.2155,0.08794
-0.213,-0.59397
-0.2105,0.248744
-0.208,0.120101
-0.2055,0.01608
-0.203,-0.007538
-0.2005,-0.032161
-0.198,-0.023618
-0.1955,0.152261
-0.193,-0.072362
-0.1905,0.602513
-0.188,0.280905
-0.1855,-0.152764
-0.183,0.048241
-0.1805,-0.01608
-0.178,-0.015578
-0.1755,0.064322
-0.173,-0.144221
-0.1705,-0.321106
-0.168,0.329146
-0.1655,-0.272864
-0.163,0.136683
-0.1605,0.09598
-0.158,-0.031658
-0.1555,0.023618
-0.153,0.08794
-0.1505,-0.11206
-0.148,0.168844
-0.1455,-0.353266
-0.143,0.128141
-0.1405,0.09598
-0.138,-0.080402
-0.1355,0.079899
-0.133,0.055779
-0.1305,-0.10402
-0.128,0.152261
-0.1255,-0.321608
-0.123,-0.160302
-0.1205,-0.184422
-0.118,0.039698
-0.1155,-0.071859
-0.113,0.007538
-0.1105,-0.055779
-0.108,-0.088442
-0.1055,-0.048241
-0.103,0.040201
-0.1005,-0.425628
-0.098,-0.184422
-0.0955,-0.047739
-0.093,0.08794
-0.0905,-0.055779
-0.088,-0.007538
-0.0855,-0.032161
-0.083,-0.176382
-0.0805,0.00804
-0.078,-0.40201
-0.0755,-0.136181
-0.073,0.01608
-0.0705,-0.079899
-0.068,-0.015578
-0.0655,0.047739
-0.063,-0.032161
-0.0605,0.064322
-0.058,0.039698
-0.0555,-0.304523
-0.053,-0.00804
-0.0505,-0.040201
-0.048,-0.055779
-0.0455,0.047739
-0.043,-0.048241
-0.0405,-0.09598
-0.038,0
-0.0355,-0.353266
-0.033,0.225126
-0.0305,-0.192965
-0.028,-0.120101
-0.0255,0.063819
-0.023,-0.055779
-0.0205,-0.079899
-0.018,-0.032161
-0.0155,-0.096482
-0.013,-0.152261
-0.0105,0.401005
-0.008,0.039698
-0.0055,0.047739
-0.003,-0.071859
-0.0005,-0.015578
0.002,0.055779
0.0045,-0.088442
0.007,-0.152261
0.0095,-0.072362
0.012,-0.48191
0.0145,0.144221
0.017,0.08794
0.0195,-0.063819
0.022,0
0.0245,0.063819
0.027,-0.09598
0.0295,0.168342
0.032,0.345729
0.0345,-0.048241
0.037,0.11206
0.0395,-0.120101
0.042,0.063819
0.0445,0
0.047,-0.055779
0.0495,0.09598
0.052,0
0.0545,-0.376884
0.057,-0.184925
0.0595,-0.088442
0.062,0.112563
0.0645,0.047739
0.067,-0.063819
0.0695,0.063819
0.072,0.023618
0.0745,0.039698
0.077,0.288945
0.0795,0.272864
0.082,-0.168342
0.0845,0.040201
0.087,-0.024121
0.0895,-0.031658
0.092,0.047739
0.0945,-0.11206
0.097,-0.023618
0.0995,-0.024121
0.102,-0.08794
0.1045,0.128141
0.107,0.023618
0.1095,-0.007538
0.112,0.047739
0.1145,-0.071859
0.117,0.00804
0.1195,0.128141
0.122,-0.385427
0.1245,0.096482
0.127,-0.00804
0.1295,-0.00804
0.132,0
0.1345,-0.031658
0.137,0.048241
0.1395,0.10402
0.142,-0.120603
0.1445,0.441709
0.147,0.345226
0.1495,-0.047739
0.152,0.048241
0.1545,-0.064322
0.157,-0.007538
0.1595,-0.031658
0.162,-0.01608
0.1645,-0.192462
0.167,0.192462
0.1695,-0.296985
0.172,0.144221
0.1745,0.09598
0.177,-0.048241
0.1795,0
0.182,0.007538
0.1845,-0.09598
0.187,0.176382
0.1895,-0.088442
0.192,-0.337186
0.1945,0.144221
0.197,-0.11206
0.1995,-0.023618
0.202,0
0.2045,-0.023618
0.207,-0.088442
0.2095,-0.128141
0.212,0.40201
0.2145,0.200503
0.217,0.128141
0.2195,0
0.222,-0.01608
0.2245,-0.01608
0.227,0.039698
0.2295,0.039698
0.232,0.136181
0.2345,0.313065
0.237,0.176884
0.2395,-0.120101
0.242,0.09598
0.2445,-0.040201
0.247,0.01608
0.2495,0.055779
0.252,-0.048241
0.2545,0.160302
0.257,-0.473869
0.2595,-0.224623
0.262,-0.064322
0.2645,-0.056281
0.267,0.01608
0.2695,-0.023618
0.272,0
0.2745,0.09598
0.277,0.200503
0.2795,0.224623
0.282,0.128141
0.2845,-0.128643
0.287,0.079899
0.2895,0.023618
0.292,-0.023618
0.2945,-0.071859
0.297,-0.120603
0.2995,0.11206
0.302,0.305025
0.3045,0.120101
0.307,-0.11206
0.3095,0.040201
0.312,-0.055779
0.3145,-0.023618
0.317,0.063819
0.3195,0.09598
0.322,-0.208543
0.3245,0.425628
0.327,-0.11206
0.3295,0.015578
0.332,-0.079899
0.3345,0.015578
0.337,0.031658
0.3395,-0.015578
0.342,0.023618
0.3445,-0.079899
0.347,-0.297487
0.3495,0.160804
0.352,0.079899
0.3545,-0.031658
0.357,0.039698
0.3595,-0.032161
0.362,0.071859
0.3645,0.120101
0.367,0.120101
0.3695,-0.345226
0.372,0.184422
0.3745,0.024121
0.377,0.047739
0.3795,-0.01608
0.382,-0.015578
0.3845,-0.040201
0.387,0.10402
0.3895,-0.216583
0.392,0.240704
0.3945,-0.200503
0.397,0.120101
0.3995,-0.047739
0.402,-0.031658
0.4045,0
0.407,0.015578
0.4095,0.01608
0.412,0.10402
0.4145,-0.377387
0.417,0.184925
0.4195,0.023618
0.422,0.039698
0.4245,-0.015578
0.427,0.031658
0.4295,-0.09598
0.432,0.08794
0.4345,0.136181
0.437,-0.401508
0.4395,0.047739
0.442,-0.11206
0.4445,0
0.447,0.031658
0.4495,-0.023618
0.452,0.064322
0.4545,0.039698
0.457,-0.152261
0.4595,0.409548
0.462,0.160302
0.4645,-0.031658
0.467,0.055779
0.4695,-0.007538
0.472,-0.047739
0.4745,0.024121
0.477,-0.079899
0.4795,-0.09598
0.482,-0.152764
0.4845,-0.128141
0.487,-0.08794
0.4895,0.031658
0.492,0.015578
0.4945,0.015578
0.497,-0.071859
0.4995,0.032161
0.502,-0.079899
0.5045,-0.417588
0.507,0.11206
0.5095,-0.064322
0.512,-0.040201
0.5145,0.01608
0.517,-0.039698
0.5195,-0.015578
0.522,0.10402
0.5245,0.024121
0.527,0.240704
0.5295,0.09598
0.532,0.032161
0.5345,0.023618
0.537,-0.00804
0.5395,0
0.542,0
0.5445,-0.120101
0.547,0.288945
0.5495,0.11206
0.552,-0.144221
0.5545,0.08794
0.557,0.039698
0.5595,-0.00804
0.562,0.031658
0.5645,-0.023618
0.567,-0.136181
0.5695,0.305025
0.572,-0.192965
0.5745,0.128141
0.577,0.007538
0.5795,0.007538
0.582,0.007538
0.5845,-0.024121
0.587,-0.063819
0.5895,-0.015578
0.592,0.039698
0.5945,-0.345226
0.597,0.136181
0.5995,-0.080402
0.602,-0.023618
0.6045,-0.01608
0.607,-0.039698
0.6095,0.015578
0.612,0.079899
0.6145,-0.329146
0.617,0.337186
0.6195,-0.063819
0.622,-0.015578
0.6245,0.039698
0.627,-0.01608
0.6295,0.00804
0.632,0.039698
0.6345,0.039698
0.637,-0.264824
0.6395,-0.345226
0.642,0.10402
0.6445,0.063819
0.647,-0.015578
0.6495,-0.031658
0.652,0.039698
0.6545,-0.064322
0.657,0.007538
0.6595,0.208543
0.662,-0.329146
0.6645,0.128141
0.667,0.079899
0.6695,-0.031658
0.672,-0.015578
0.6745,-0.055779
0.677,-0.031658
0.6795,0.128141
0.682,0
0.6845,0.120101
0.687,-0.120101
0.6895,0.00804
0.692,0.047739
0.6945,-0.023618
0.697,0.040201
0.6995,0.079899
0.702,-0.064322
0.7045,0.329146
0.707,0.152261
0.7095,-0.11206
0.712,0.055779
0.7145,-0.047739
0.717,-0.023618
0.7195,0.023618
0.722,-0.064322
0.7245,0.104523
0.727,0.296985
0.7295,0.088442
0.732,0.048241
0.7345,-0.00804
0.737,-0.031658
0.7395,0.031658
0.742,-0.031658
0.7445,0.056281
0.747,-0.01608
0.7495,-0.361307
0.752,0.248744
0.7545,0.047739
0.757,-0.01608
0.7595,0.01608
0.762,-0.01608
0.7645,-0.055779
0.767,0.071859
0.7695,0.039698
0.772,-0.288945
0.7745,-0.209045
0.777,-0.120101
0.7795,0.071859
0.782,0.031658
0.7845,-0.01608
0.787,0.00804
0.7895,0.007538
0.792,-0.144221
0.7945,0.224623
0.797,0.10402
0.7995,-0.08794
0.802,0.055779
0.8045,-0.063819
0.807,0.01608
0.8095,0.015578
0.812,0.007538
0.8145,0.08794
0.817,-0.289447
0.8195,-0.039698
0.822,0.08794
0.8245,-0.079899
0.827,-0.039698
0.8295,0.031658
0.832,-0.055779
0.8345,0.032161
0.837,-0.055779
0.8395,-0.345226
0.842,-0.055779
0.8445,-0.032161
0.847,-0.047739
0.8495,0.015578
0.852,-0.024121
0.8545,-0.015578
0.857,-0.071859
0.8595,-0.104523
0.862,0.361307
0.8645,-0.096482
0.867,-0.040201
0.8695,-0.015578
0.872,-0.007538
0.8745,-0.031658
0.877,0.039698
0.8795,-0.064322
0.882,0.032161
0.8845,0.321106
0.887,0.047739
0.8895,0.023618
0.892,0
0.8945,-0.039698
0.897,0.007538
0.8995,-0.063819
0.902,-0.08794
0.9045,-0.024121
0.907,-0.249246
0.9095,0.079899
0.912,-0.064322
0.9145,0.01608
0.917,-0.015578
0.9195,-0.00804
0.922,-0.039698
0.9245,0.071859
0.927,-0.079899
0.9295,-0.039698
0.932,0.071859
0.9345,-0.09598
0.937,0.047739
0.9395,-0.031658
0.942,-0.023618
0.9445,0.015578
0.947,-0.063819
0.9495,-0.184422
0.952,0.321106
0.9545,-0.072362
0.957,-0.079899
0.9595,0.031658
0.962,-0.039698
0.9645,0.00804
0.967,0.031658
0.9695,0.071859
0.972,0.040201
0.9745,0.329146
0.977,-0.120101
0.9795,0.063819
0.982,-0.047739
0.9845,0
0.987,0.007538
0.9895,-0.055779
0.992,0.056281
0.9945,0.200503
0.997,-0.063819
0.9995,0.160302
1.002,-0.023618
1.0045,-0.039698
1.007,0.015578
1.0095,-0.023618
1.012,0.047739
1.0145,0.08794
1.017,-0.216583
1.0195,0.176382
1.022,0
1.0245,0.047739
1.027,0.031658
1.0295,-0.015578
1.032,-0.023618
1.0345,-0.048241
1.037,-0.071859
1.0395,-0.152261
1.042,0.296985
1.0445,-0.136181
1.047,0.063819
1.0495,-0.024121
1.052,-0.007538
1.0545,0.015578
1.057,-0.055779
1.0595,-0.031658
1.062,0.080402
1.0645,0.136683
1.067,0.128141
1.0695,0.039698
1.072,-0.039698
1.0745,-0.00804
1.077,-0.024121
1.0795,-0.039698
1.082,0.079899
1.0845,-0.015578
1.087,-0.120101
1.0895,0.055779
1.092,-0.055779
1.0945,0.00804
1.097,-0.031658
1.0995,0.015578
1.102,0.047739
1.1045,-0.024121
1.107,-0.224623
1.1095,0.184422
1.112,-0.08794
1.1145,-0.007538
1.117,-0.040201
1.1195,0.00804
1.122,0
1.1245,-0.055779
1.127,-0.079899
1.1295,0.201005
1.132,-0.280905
1.1345,0.040201
1.137,0.007538
1.1395,-0.023618
1.142,0.007538
1.1445,-0.032161
1.147,-0.063819
1.1495,0.079899
1.152,-0.01608
1.1545,-0.11206
1.157,0.031658
1.1595,-0.056281
1.162,-0.023618
1.1645,-0.01608
1.167,-0.031658
1.1695,0.040201
1.172,-0.01608
1.1745,0.120603
1.177,0.120101
1.1795,-0.08794
1.182,0
1.1845,0.01608
1.187,-0.007538
1.1895,-0.00804
1.192,-0.055779
1.1945,-0.10402
1.197,0.079899
1.1995,0.240704
1.202,-0.063819
1.2045,0.00804
1.207,0
1.2095,-0.031658
1.212,0.031658
1.2145,-0.055779
1.217,0.079899
1.2195,-0.256784
1.222,-0.240704
1.2245,-0.00804
1.227,0.031658
1.2295,0.00804
1.232,-0.023618
1.2345,0
1.237,0.039698
1.2395,0.09598
1.242,-0.208543
1.2445,0.071859
1.247,0.055779
1.2495,0.007538
1.252,-0.039698
1.2545,-0.023618
1.257,-0.007538
1.2595,0.055779
1.262,-0.11206
1.2645,0.240704
1.267,0.11206
1.2695,-0.024121
1.272,0.039698
1.2745,0
1.277,-0.015578
1.2795,-0.015578
1.282,-0.064322
1.2845,-0.047739
1.287,0.248744
1.2895,-0.224623
1.292,-0.007538
1.2945,0.023618
1.297,-0.015578
1.2995,0
1.302,-0.040201
1.3045,-0.032161
1.307,0.015578
1.3095,-0.209045
1.312,0.192462
1.3145,0.079899
1.317,-0.040201
1.3195,0.00804
1.322,-0.00804
1.3245,-0.039698
1.327,0.040201
1.3295,0.09598
1.332,-0.208543
1.3345,0.192462
1.337,-0.080402
1.3395,0.039698
1.342,0.007538
1.3445,-0.031658
1.347,0.01608
1.3495,0.007538
1.352,-0.104523
1.3545,-0.160302
1.357,0
1.3595,-0.079899
1.362,0.031658
1.3645,-0.031658
1.367,-0.031658
1.3695,0.023618
1.372,-0.015578
1.3745,0.032161
1.377,0.152261
1.3795,-0.023618
1.382,0.01608
1.3845,-0.039698
1.387,-0.023618
1.3895,0
1.392,-0.032161
1.3945,-0.015578
1.397,-0.031658
1.3995,-0.264824
1.402,0
1.4045,-0.032161
1.407,-0.031658
1.4095,0.015578
1.412,-0.023618
1.4145,0.031658
1.417,-0.039698
1.4195,-0.071859
1.422,0.152764
1.4245,0.144221
1.427,-0.015578
1.4295,-0.01608
1.432,0
1.4345,-0.00804
1.437,0.039698
1.4395,-0.063819
1.442,-0.00804
1.4445,-0.080402
1.447,0.071859
1.4495,-0.071859
1.452,-0.01608
1.4545,0.015578
1.457,-0.01608
1.4595,-0.01608
1.462,-0.039698
1.4645,-0.079899
1.467,-0.168844
1.4695,0.032161
1.472,0.039698
1.4745,-0.047739
1.477,0
1.4795,-0.00804
1.482,-0.023618
1.4845,-0.01608
1.487,-0.08794
1.4895,-0.272864
1.492,0.047739
1.4945,-0.063819
1.497,-0.023618
1.4995,0.015578
1.502,0
1.5045,0.031658
1.507,-0.079899
1.5095,-0.032161
1.512,0.208543
1.5145,-0.104523
1.517,-0.039698
1.5195,0.031658
1.522,-0.015578
1.5245,0
1.527,0.023618
1.5295,-0.047739
1.532,-0.128141
1.5345,-0.184422
1.537,-0.128141
1.5395,0.063819
1.542,0.023618
1.5445,0.015578
1.547,0
1.5495,-0.023618
1.552,-0.063819
1.5545,0.160302
1.557,0.168342
1.5595,0.11206
1.562,-0.047739
1.5645,-0.047739
1.567,-0.00804
1.5695,-0.023618
1.572,0.00804
1.5745,0.023618
1.577,-0.128141
1.5795,0.079899
1.582,-0.071859
1.5845,-0.040201
1.587,0.015578
1.5895,-0.031658
1.592,-0.023618
1.5945,0.023618
1.597,-0.007538
1.5995,-0.08794
1.602,0.208543
1.6045,-0.063819
1.607,0.047739
1.6095,0.00804
1.612,-0.015578
1.6145,0.023618
1.617,-0.039698
1.6195,0.00804
1.622,0.144221
1.6245,0.032161
1.627,0.064322
1.6295,0.039698
1.632,-0.047739
1.6345,-0.00804
1.637,-0.015578
1.6395,-0.039698
1.642,-0.039698
1.6445,-0.024121
1.647,0.09598
1.6495,0.055779
1.652,-0.056281
1.6545,-0.031658
1.657,-0.00804
1.6595,0.007538
1.662,0.047739
1.6645,-0.071859
1.667,-0.007538
1.6695,-0.023618
1.672,-0.064322
1.6745,-0.047739
1.677,0.015578
1.6795,0
1.682,0
1.6845,-0.039698
1.687,0
1.6895,0
1.692,-0.104523
1.6945,-0.031658
1.697,0.031658
1.6995,-0.015578
1.702,0
1.7045,0
1.707,-0.031658
1.7095,0.063819
1.712,-0.184422
1.7145,-0.208543
1.717,0.040201
1.7195,-0.024121
1.722,-0.015578
1.7245,-0.00804
1.727,0
1.7295,0.039698
1.732,0.039698
1.7345,-0.128141
1.737,0.10402
1.7395,-0.064322
1.742,0.039698
1.7445,0.023618
1.747,0
1.7495,0.023618
1.752,0.031658
1.7545,-0.064322
1.757,-0.064322
1.7595,0.039698
1.762,-0.047739
1.7645,0
1.767,0.007538
1.7695,-0.031658
1.772,0.015578
1.7745,-0.048241
1.777,-0.015578
1.7795,-0.023618
1.782,-0.168844
1.7845,0.055779
1.787,-0.023618
1.7895,-0.00804
1.792,0
1.7945,-0.00804
1.797,-0.055779
1.7995,0.063819
1.802,0.031658
1.8045,0.144724
1.807,0.063819
1.8095,-0.047739
1.812,0
1.8145,0
1.817,-0.015578
1.8195,0.039698
1.822,-0.071859
1.8245,-0.208543
1.827,0.063819
1.8295,-0.071859
1.832,0.039698
1.8345,0.007538
1.837,0
1.8395,0
1.842,-0.015578
1.8445,-0.055779
1.847,-0.08794
1.8495,0.071859
1.852,0.032161
1.8545,0.039698
1.857,-0.01608
1.8595,0
1.862,0
1.8645,-0.007538
1.867,0.023618
1.8695,-0.128643
1.872,-0.128141
1.8745,0.047739
1.877,-0.039698
1.8795,-0.015578
1.882,-0.00804
1.8845,-0.023618
1.887,0.023618
1.8895,-0.023618
1.892,-0.079899
1.8945,0.10402
1.897,0.071859
1.8995,-0.031658
1.902,0
1.9045,-0.023618
1.907,-0.023618
1.9095,0.007538
1.912,0
1.9145,0.063819
1.917,-0.048241
1.9195,-0.039698
1.922,-0.023618
1.9245,-0.00804
1.927,0.00804
1.9295,-0.015578
1.932,-0.023618
1.9345,0.055779
1.937,0.079899
1.9395,-0.11206
1.942,0.047739
1.9445,-0.031658
1.947,-0.00804
1.9495,-0.023618
1.952,-0.015578
1.9545,-0.007538
1.957,0.007538
1.9595,-0.015578
1.962,-0.007538
1.9645,-0.015578
1.967,-0.015578
1.9695,-0.01608
1.972,0
1.9745,-0.015578
1.977,-0.007538
1.9795,-0.00804
1.982,-0.015578
1.9845,-0.015578
1.987,0
1.9895,-0.01608
1.992,-0.00804
1.9945,0
1.997,-0.015578
1.9995,-0.00804
2.002,-0.015578
2.0045,-0.00804
2.007,0
2.0095,0
2.012,0
2.0145,0.007538
2.017,0
2.0195,-0.00804
2.022,-0.007538
2.0245,0
2.027,0
2.0295,-0.00804
2.032,-0.007538
2.0345,0
2.037,-0.00804
2.0395,0
2.042,0
2.0445,0.007538
2.047,0
2.0495,-0.007538
2.052,0
2.0545,-0.00804
2.057,0.007538
2.0595,0.007538
2.062,0
2.0645,-0.015578
2.067,-0.00804
2.0695,-0.007538
2.072,-0.007538
2.0745,0
2.077,-0.00804
2.0795,0
2.082,0.007538
2.0845,0
2.087,-0.023618
2.0895,0.007538
2.092,-0.00804
2.0945,-0.015578
2.097,-0.007538
2.0995,-0.015578
2.102,0
2.1045,0
2.107,0.007538
2.1095,-0.015578
2.112,-0.00804
2.1145,-0.00804
2.117,0
2.1195,0
2.122,0
2.1245,0.007538
2.127,0
2.1295,-0.007538
2.132,0
2.1345,0.007538
2.137,0
2.1395,-0.023618
2.142,-0.007538
2.1445,0
2.147,-0.007538
2.1495,0
2.152,-0.023618
2.1545,-0.007538
2.157,-0.015578
2.1595,0
2.162,-0.007538
2.1645,0
2.167,0.015578
2.1695,0
2.172,0.007538
2.1745,-0.00804
2.177,-0.00804
2.1795,0
2.182,-0.00804
2.1845,-0.015578
2.187,-0.007538
2.1895,0
2.192,0.007538
2.1945,0
2.197,0.007538
2.1995,0
2.202,-0.00804
2.2045,0.015578
2.207,0
2.2095,-0.007538
2.212,0
2.2145,0
2.217,0
2.2195,0
2.222,0
2.2245,0
2.227,0
2.2295,-0.015578
2.232,0.00804
2.2345,-0.007538
2.237,-0.007538
2.2395,0
2.242,0
2.2445,-0.00804
2.247,-0.00804
2.2495,-0.007538
2.252,0
2.2545,0
2.257,0
2.2595,-0.00804
2.262,-0.00804
2.2645,-0.007538
2.267,-0.007538
2.2695,0.00804
2.272,0
2.2745,0
2.277,0
2.2795,-0.015578
2.282,-0.007538
2.2845,0
2.287,0.007538
2.2895,-0.015578
2.292,-0.00804
2.2945,-0.007538
2.297,-0.015578
2.2995,-0.015578
2.302,0
2.3045,-0.015578
2.307,0
2.3095,-0.007538
2.312,0
2.3145,0
2.317,0.007538
2.3195,0
2.322,-0.007538
2.3245,0
2.327,0
2.3295,-0.007538
2.332,0
2.3345,-0.00804
2.337,-0.015578
2.3395,0.007538
2.342,-0.007538
2.3445,0
2.347,0
2.3495,0.015578
2.352,-0.01608
2.3545,-0.015578
2.357,0
2.3595,-0.00804
2.362,-0.00804
2.3645,-0.015578
2.367,0.007538
2.3695,0.007538
2.372,-0.00804
2.3745,-0.023618
2.377,-0.00804
2.3795,-0.015578
2.382,0
2.3845,-0.015578
2.387,0
2.3895,-0.01608
2.392,0
2.3945,0
2.397,-0.01608
2.3995,-0.007538
2.402,0
2.4045,-0.007538
2.407,0.007538
2.4095,0
2.412,-0.00804
2.4145,-0.007538
2.417,-0.00804
2.4195,-0.007538
2.422,-0.007538
2.4245,0
2.427,-0.00804
2.4295,-0.00804
2.432,0.007538
2.4345,-0.023618
2.437,-0.00804
2.4395,-0.015578
2.442,-0.00804
2.4445,0
2.447,-0.007538
2.4495,-0.00804
2.452,0
2.4545,-0.00804
2.457,0
2.4595,-0.015578
2.462,-0.00804
2.4645,-0.015578
2.467,-0.01608
2.4695,-0.015578
2.472,0
2.4745,0.007538
2.477,0
2.4795,-0.007538
2.482,-0.00804
2.4845,-0.00804
2.487,0
2.4895,-0.00804
2.492,0
2.4945,-0.00804
2.497,0.007538
2.4995,-0.00804
2.502,-0.00804
2.5045,0
2.507,0.007538
2.5095,-0.007538
2.512,-0.015578
2.5145,-0.00804
2.517,-0.007538
2.5195,-0.00804
2.522,-0.015578
2.5245,-0.00804
2.527,-0.00804
2.5295,0.007538
2.532,0
2.5345,-0.023618
2.537,-0.00804
2.5395,0.007538
2.542,-0.015578
2.5445,-0.015578
2.547,-0.00804
2.5495,-0.007538
2.552,0
2.5545,0
2.557,-0.007538
2.5595,0.007538
2.562,0
2.5645,-0.015578
2.567,-0.00804
2.5695,0
2.572,0
2.5745,0
2.577,0
2.5795,0.007538
2.582,-0.00804
2.5845,0
2.587,0.007538
2.5895,0
2.592,-0.023618
2.5945,-0.00804
2.597,0
2.5995,-0.007538
2.602,-0.00804
2.6045,0.007538
2.607,-0.007538
2.6095,0
2.612,0.007538
2.6145,0
2.617,-0.00804
2.6195,-0.00804
2.622,-0.00804
2.6245,0.015578
2.627,0
2.6295,0
2.632,0
2.6345,0
2.637,-0.00804
2.6395,-0.007538
2.642,-0.015578
2.6445,-0.024121
2.647,-0.015578
2.6495,-0.01608
2.652,-0.015578
2.6545,0.007538
2.657,-0.015578
2.6595,-0.00804
2.662,0
2.6645,-0.015578
2.667,0
2.6695,-0.00804
2.672,-0.015578
2.6745,-0.00804
2.677,-0.00804
2.6795,-0.00804
2.682,0.015578
2.6845,-0.00804
2.687,0
2.6895,-0.007538
2.692,0
2.6945,0
2.697,-0.00804
2.6995,0
2.702,-0.015578
2.7045,-0.007538
2.707,0
2.7095,-0.01608
2.712,-0.015578
2.7145,0
2.717,0
2.7195,-0.007538
2.722,-0.01608
2.7245,-0.00804
2.727,0.007538
2.7295,0
2.732,-0.015578
2.7345,-0.00804
2.737,-0.023618
2.7395,-0.015578
2.742,-0.007538
2.7445,-0.007538
2.747,0
2.7495,-0.007538
2.752,0
2.7545,-0.015578
2.757,-0.007538
2.7595,-0.007538
2.762,0
2.7645,-0.015578
2.767,-0.00804
2.7695,0
2.772,-0.00804
2.7745,0
2.777,-0.00804
2.7795,-0.007538
2.782,-0.00804
2.7845,-0.00804
2.787,-0.00804
2.7895,-0.00804
2.792,0
2.7945,0
2.797,0
2.7995,0
2.802,-0.007538
2.8045,0
2.807,-0.00804
2.8095,0.007538
2.812,-0.007538
2.8145,0
2.817,-0.00804
2.8195,-0.007538
2.822,-0.01608
2.8245,0
2.827,-0.01608
2.8295,-0.007538
2.832,-0.00804
2.8345,0
2.837,0
2.8395,0
2.842,0
2.8445,-0.007538
2.847,-0.00804
2.8495,0
2.852,-0.00804
2.8545,0.007538
2.857,-0.00804
2.8595,0.015578
2.862,-0.00804
2.8645,0.00804
2.867,-0.00804
2.8695,-0.023618
2.872,-0.015578
2.8745,-0.007538
2.877,0
2.8795,0
2.882,0
2.8845,-0.007538
2.887,0
2.8895,-0.023618
2.892,0
2.8945,-0.015578
2.897,-0.00804
2.8995,-0.007538
2.902,-0.007538
2.9045,-0.00804
2.907,0
2.9095,0
2.912,0.007538
2.9145,-0.00804
2.917,0.015578
2.9195,0
2.922,-0.01608
2.9245,0.015578
2.927,0.007538
2.9295,0
2.932,0.007538
2.9345,-0.00804
2.937,-0.00804
2.9395,-0.023618
2.942,0.007538
2.9445,-0.007538
2.947,0.007538
2.9495,-0.015578
2.952,-0.015578
2.9545,0.007538
2.957,-0.015578
2.9595,-0.007538
2.962,0.007538
2.9645,-0.007538
2.967,0
2.9695,0.007538
2.972,0
2.9745,-0.01608
2.977,0
2.9795,-0.007538
2.982,0
2.9845,-0.00804
2.987,-0.015578
2.9895,-0.007538
2.992,-0.007538
2.9945,0
2.997,0
2.9995,-0.00804
3.002,-0.00804
3.0045,-0.00804
3.007,0
3.0095,0.007538
3.012,0
3.0145,-0.015578
3.017,0
3.0195,-0.00804
3.022,-0.015578
3.0245,-0.007538
3.027,0.00804
3.0295,-0.015578
3.032,-0.00804
3.0345,-0.00804
3.037,-0.007538
3.0395,-0.015578
3.042,0.007538
3.0445,-0.015578
3.047,-0.015578
3.0495,0
3.052,0.00804
3.0545,-0.015578
3.057,0.007538
3.0595,0.023618
3.062,-0.01608
3.0645,0.007538
3.067,-0.00804
3.0695,-0.015578
3.072,0
3.0745,0
3.077,0.007538
3.0795,0.015578
3.082,0.007538
3.0845,0
3.087,0
3.0895,0
3.092,-0.023618
3.0945,0
3.097,0.007538
3.0995,-0.00804
3.102,-0.007538
3.1045,-0.00804
3.107,-0.007538
3.1095,0
3.112,-0.015578
3.1145,0.007538
3.117,-0.015578
3.1195,0.007538
3.122,0
3.1245,-0.00804
3.127,-0.01608
3.1295,0
3.132,0
3.1345,0
3.137,0.007538
3.1395,-0.01608
3.142,-0.015578
3.1445,0
3.147,-0.00804
3.1495,-0.00804
3.152,0
3.1545,-0.015578
3.157,-0.00804
3.1595,-0.00804
3.162,-0.015578
3.1645,0
3.167,-0.015578
3.1695,-0.007538
3.172,-0.00804
3.1745,0
3.177,0
3.1795,0
